Date,Open Italy,High Italy,Low Italy,Close Italy,Adj Close Italy,Volume Italy,Open Spain,High Spain,Low Spain,Close Spain,Adj Close Spain,Volume Spain
2020-02-11,24617.0,24763.0,24534.0,24689.0,24689.0,405685400,"9,863.40","9,884.00","9,817.80","9,882.60","9,882.60","167,628,300"
2020-02-12,24738.0,24902.0,24735.0,24861.0,24861.0,462480100,"9,897.90","9,946.60","9,888.60","9,940.40","9,940.40","199,830,200"
2020-02-13,24769.0,24892.0,24588.0,24892.0,24892.0,526068000,"9,893.90","9,910.10","9,794.30","9,909.80","9,909.80","161,753,500"
2020-02-14,24942.0,24983.0,24832.0,24867.0,24867.0,341383900,"9,910.90","9,969.70","9,905.20","9,956.80","9,956.80","127,061,800"
2020-02-17,24962.0,25121.0,24903.0,25121.0,25121.0,0,"9,979.20","10,022.20","9,955.20","10,022.20","10,022.20","105,784,200"
2020-02-18,24986.0,25389.0,24970.0,25224.0,25224.0,737036300,"9,977.40","10,041.50","9,967.80","10,005.80","10,005.80","184,042,000"
2020-02-19,25353.0,25483.0,25272.0,25478.0,25478.0,464703000,"10,042.00","10,100.20","10,020.70","10,083.60","10,083.60","151,866,100"
2020-02-20,25415.0,25420.0,25080.0,25080.0,25080.0,445153900,"10,048.70","10,050.30","9,931.00","9,931.00","9,931.00","178,849,000"
2020-02-21,24979.0,25130.0,24670.0,24773.0,24773.0,638705500,"9,893.00","9,946.40","9,843.50","9,886.20","9,886.20","194,954,500"
2020-02-24,23919.0,24005.0,23255.0,23427.0,23427.0,977128300,"9,649.80","9,676.80","9,459.60","9,483.50","9,483.50","256,063,800"
2020-02-25,23586.0,23630.0,23046.0,23090.0,23090.0,664950800,"9,507.00","9,518.90","9,248.00","9,250.80","9,250.80","263,346,200"
2020-02-26,22961.0,23600.0,22638.0,23423.0,23423.0,737757000,"9,213.00","9,362.80","9,030.70","9,316.80","9,316.80","299,256,300"
2020-02-27,22969.0,23078.0,22480.0,22799.0,22799.0,781145900,"9,182.20","9,204.40","8,877.40","8,985.90","8,985.90","341,792,600"
2020-02-28,22059.0,22335.0,21698.0,21984.0,21984.0,1052025600,"8,748.10","8,818.60","8,582.70","8,723.20","8,723.20","497,983,900"
2020-03-02,22333.0,22361.0,21119.0,21655.0,21655.0,924414500,"8,910.20","8,913.50","8,541.10","8,741.50","8,741.50","355,485,000"
2020-03-03,22116.0,22340.0,21651.0,21748.0,21748.0,799970700,"8,860.20","9,014.30","8,776.40","8,811.60","8,811.60","351,219,900"
2020-03-04,21740.0,22204.0,21500.0,21946.0,21946.0,724365300,"8,827.80","8,963.70","8,745.90","8,910.00","8,910.00","321,258,300"
2020-03-05,22012.0,22035.0,21362.0,21555.0,21555.0,772854700,"8,960.80","8,962.50","8,639.90","8,683.00","8,683.00","342,803,500"
2020-03-06,20987.0,21151.0,20624.0,20800.0,20800.0,864917500,"8,532.60","8,542.00","8,310.40","8,375.60","8,375.60","345,901,100"
2020-03-09,20781.0,20781.0,18346.0,18476.0,18476.0,1272046600,"7,884.00","8,022.90","7,621.40","7,708.70","7,708.70","598,769,200"
2020-03-10,18654.0,19175.0,17772.0,17870.0,17870.0,1096966400,"7,815.60","8,007.70","7,440.60","7,461.50","7,461.50","506,034,000"
2020-03-11,18172.0,18410.0,17675.0,17929.0,17929.0,916163300,"7,589.30","7,717.10","7,364.60","7,436.40","7,436.40","369,150,100"
2020-03-12,17654.0,17660.0,14894.0,14894.0,14894.0,1535614400,"7,040.80","7,077.70","6,347.00","6,390.90","6,390.90","723,609,100"
2020-03-13,15108.0,17545.0,15107.0,15954.0,15954.0,1267823900,"6,763.70","7,140.50","6,468.30","6,629.60","6,629.60","473,165,800"
2020-03-16,15697.0,15699.0,14153.0,14980.0,14980.0,1218842000,"6,331.00","6,362.50","5,814.50","6,107.20","6,107.20","583,614,700"
2020-03-17,15420.0,15810.0,14696.0,15315.0,15315.0,1041111800,"6,444.50","6,557.30","6,083.00","6,498.50","6,498.50","388,451,800"
2020-03-18,14986.0,15438.0,14792.0,15120.0,15120.0,796190300,"6,370.50","6,524.20","6,174.10","6,274.80","6,274.80","398,609,500"
2020-03-19,15417.0,15844.0,15038.0,15467.0,15467.0,1016984600,"6,368.20","6,506.40","6,228.30","6,395.80","6,395.80","346,225,500"
2020-03-20,15773.0,16180.0,15617.0,15732.0,15732.0,1222210600,"6,645.40","6,769.90","6,371.10","6,443.30","6,443.30","486,796,200"
2020-03-23,15318.0,15789.0,15092.0,15560.0,15560.0,768024600,"6,223.70","6,472.00","6,148.00","6,230.20","6,230.20","282,033,200"
2020-03-24,15978.0,16949.0,15970.0,16949.0,16949.0,847366000,"6,433.30","6,717.30","6,403.60","6,717.30","6,717.30","301,211,900"
2020-03-25,17247.0,17830.0,16582.0,17244.0,17244.0,906278800,"6,985.90","7,058.10","6,625.80","6,942.40","6,942.40","322,631,900"
2020-03-26,16877.0,17369.0,16835.0,17369.0,17369.0,712229600,"6,789.00","7,033.20","6,759.10","7,033.20","7,033.20","248,806,600"
2020-03-27,17039.0,17283.0,16667.0,16823.0,16823.0,590902100,"6,916.70","6,936.70","6,661.90","6,777.90","6,777.90","225,316,500"
2020-03-30,16856.0,16925.0,16313.0,16872.0,16872.0,551307000,"6,748.60","6,789.10","6,507.00","6,659.90","6,659.90","232,005,200"
2020-03-31,17097.0,17292.0,16695.0,17051.0,17051.0,698055400,"6,746.80","6,802.00","6,624.70","6,785.40","6,785.40","258,181,200"
2020-04-01,16600.0,16845.0,16500.0,16545.0,16545.0,515027400,"6,627.30","6,687.80","6,565.20","6,579.40","6,579.40","235,113,700"
2020-04-02,16660.0,16878.0,16414.0,16834.0,16834.0,580523400,"6,633.70","6,658.90","6,424.50","6,574.10","6,574.10","233,309,800"
2020-04-03,16742.0,16791.0,16384.0,16384.0,16384.0,547565400,"6,563.60","6,632.50","6,509.40","6,581.60","6,581.60","215,387,500"
2020-04-06,16769.0,17054.0,16765.0,17039.0,17039.0,528126600,"6,807.90","6,874.90","6,728.60","6,844.30","6,844.30","225,965,400"
2020-04-07,17588.0,17887.0,17178.0,17412.0,17412.0,679854300,"6,986.90","7,119.10","6,903.60","7,002.00","7,002.00","260,857,500"
2020-04-08,17212.0,17406.0,17196.0,17381.0,17381.0,476312900,"6,930.20","6,952.50","6,860.60","6,951.80","6,951.80","155,910,100"
2020-04-09,17686.0,17756.0,17360.0,17622.0,17622.0,553979400,"7,049.30","7,116.80","6,918.70","7,070.60","7,070.60","240,348,600"
2020-04-14,17822.0,17831.0,17507.0,17558.0,17558.0,443873000,"7,209.70","7,209.70","7,080.30","7,108.60","7,108.60","259,986,200"
2020-04-15,17455.0,17543.0,16719.0,16719.0,16719.0,536650700,"7,065.60","7,086.80","6,816.40","6,839.50","6,839.50","289,924,500"
2020-04-16,17003.0,17161.0,16730.0,16768.0,16768.0,453153600,"6,930.80","6,950.90","6,733.10","6,763.40","6,763.40","237,962,600"
2020-04-17,17153.0,17308.0,16964.0,17055.0,17055.0,469218300,"6,942.50","7,000.30","6,845.00","6,875.80","6,875.80","251,272,600"
2020-04-20,17144.0,17155.0,16786.0,17064.0,17064.0,339570700,"6,932.50","6,933.30","6,715.00","6,831.50","6,831.50","186,644,500"
2020-04-21,16812.0,16935.0,16451.0,16451.0,16451.0,401986500,"6,741.30","6,760.90","6,634.90","6,634.90","6,634.90","200,783,000"
2020-04-22,16615.0,16770.0,16555.0,16765.0,16765.0,347495900,"6,685.10","6,729.60","6,654.20","6,719.80","6,719.80","177,928,500"
2020-04-23,16925.0,17145.0,16778.0,17011.0,17011.0,392978300,"6,758.70","6,797.60","6,713.60","6,746.50","6,746.50","163,723,500"
2020-04-24,16640.0,17155.0,16640.0,16859.0,16859.0,349284500,"6,641.30","6,710.80","6,578.10","6,613.90","6,613.90","182,925,300"
2020-04-27,17313.0,17380.0,17164.0,17380.0,17380.0,307768100,"6,780.90","6,790.10","6,667.30","6,731.80","6,731.80","147,263,100"
2020-04-28,17428.0,17941.0,17413.0,17677.0,17677.0,496793100,"6,724.60","6,857.90","6,707.90","6,836.40","6,836.40","233,782,400"
2020-04-29,17616.0,18076.0,17609.0,18067.0,18067.0,477978500,"6,829.40","7,055.70","6,816.80","7,055.70","7,055.70","247,762,400"
2020-04-30,18209.0,18303.0,17655.0,17690.0,17690.0,597318500,"7,084.80","7,128.40","6,918.30","6,922.30","6,922.30","314,979,200"
2020-05-04,17157.0,17345.0,17036.0,17036.0,17036.0,430626400,"6,767.70","6,767.70","6,673.30","6,673.30","6,673.30","241,555,200"
2020-05-05,17289.0,17390.0,17082.0,17387.0,17387.0,413815000,"6,772.20","6,815.90","6,680.70","6,747.70","6,747.70","203,873,600"
2020-05-06,17368.0,17500.0,17146.0,17159.0,17159.0,330052900,"6,719.80","6,762.50","6,666.20","6,671.70","6,671.70","166,015,200"
2020-05-07,17256.0,17363.0,17094.0,17245.0,17245.0,360975400,"6,714.90","6,747.20","6,666.40","6,730.90","6,730.90","167,460,700"
2020-05-08,17416.0,17462.0,17254.0,17439.0,17439.0,242317800,"6,790.70","6,807.40","6,715.40","6,783.10","6,783.10","128,578,300"
2020-05-11,17602.0,17678.0,17307.0,17381.0,17381.0,279808500,"6,830.90","6,854.70","6,651.70","6,672.20","6,672.20","217,443,300"
2020-05-12,17394.0,17602.0,17394.0,17559.0,17559.0,323340100,"6,672.70","6,795.10","6,663.20","6,762.70","6,762.70","172,853,600"
2020-05-13,17354.0,17427.0,17183.0,17183.0,17183.0,370538600,"6,694.00","6,728.20","6,631.40","6,631.40","6,631.40","245,673,600"
2020-05-14,17066.0,17177.0,16551.0,16868.0,16868.0,435987200,"6,569.70","6,609.00","6,421.40","6,545.60","6,545.60","258,952,900"
2020-05-15,17055.0,17124.0,16792.0,16852.0,16852.0,350474400,"6,594.40","6,624.30","6,466.00","6,474.90","6,474.90","203,854,400"
2020-05-18,16998.0,17446.0,16953.0,17401.0,17401.0,409926900,"6,583.10","6,790.20","6,558.10","6,779.30","6,779.30","203,486,600"
2020-05-19,17579.0,17613.0,16929.0,17035.0,17035.0,837116200,"6,864.20","6,872.60","6,555.60","6,609.10","6,609.10","501,358,300"
2020-05-20,16990.0,17248.0,16674.0,17213.0,17213.0,802296700,"6,593.40","6,697.10","6,499.10","6,683.60","6,683.60","341,451,800"
2020-05-21,16987.0,17284.0,16950.0,17087.0,17087.0,468260800,"6,612.70","6,773.40","6,579.90","6,686.10","6,686.10","258,583,100"
2020-05-22,16905.0,17386.0,16820.0,17316.0,17316.0,488722400,"6,618.20","6,751.80","6,585.70","6,697.50","6,697.50","292,688,300"
2020-05-25,17451.0,17596.0,17304.0,17596.0,17596.0,275240000,"6,766.60","6,856.80","6,725.20","6,856.80","6,856.80","187,072,800"
2020-05-26,17796.0,17894.0,17697.0,17860.0,17860.0,565674900,"6,940.60","7,023.80","6,917.10","7,003.90","7,003.90","383,729,100"
2020-05-27,17861.0,18228.0,17737.0,17910.0,17910.0,796359100,"7,034.00","7,229.00","7,030.20","7,174.50","7,174.50","501,006,600"
2020-05-28,18081.0,18414.0,18046.0,18351.0,18351.0,616898400,"7,237.30","7,244.50","7,141.40","7,224.10","7,224.10","375,466,600"
2020-05-29,18193.0,18391.0,18149.0,18198.0,18198.0,731191700,"7,164.30","7,201.80","7,096.50","7,096.50","7,096.50","903,979,900"
2020-06-01,18437.0,18531.0,18237.0,18524.0,18524.0,459197200,"7,228.70","7,276.00","7,160.10","7,221.40","7,221.40","291,929,600"
2020-06-02,18676.0,19053.0,18569.0,18971.0,18971.0,612512800,"7,264.00","7,445.30","7,236.90","7,408.10","7,408.10","402,947,100"
2020-06-03,19204.0,19642.0,19171.0,19642.0,19642.0,828030700,"7,487.30","7,629.70","7,448.90","7,626.40","7,626.40","445,036,400"
2020-06-04,19520.0,19849.0,19391.0,19634.0,19634.0,814390200,"7,567.70","7,669.20","7,516.00","7,566.80","7,566.80","514,858,000"
2020-06-05,19904.0,20198.0,19869.0,20188.0,20188.0,925086600,"7,672.00","7,890.40","7,664.10","7,872.60","7,872.60","573,283,900"
2020-06-08,20133.0,20399.0,20050.0,20231.0,20231.0,773230400,"7,813.10","7,992.70","7,796.60","7,896.10","7,896.10","557,213,300"
2020-06-09,20243.0,20274.0,19678.0,19930.0,19930.0,779956200,"7,878.20","7,914.70","7,683.20","7,752.30","7,752.30","453,061,900"
2020-06-10,20096.0,20181.0,19694.0,19758.0,19758.0,703770700,"7,779.80","7,861.00","7,649.40","7,663.90","7,663.90","355,564,600"
2020-06-11,19222.0,19353.0,18807.0,18807.0,18807.0,789867400,"7,486.50","7,486.50","7,278.00","7,278.00","7,278.00","456,667,800"
2020-06-12,18573.0,19169.0,18553.0,18888.0,18888.0,610202600,"7,232.20","7,425.30","7,205.00","7,292.70","7,292.70","370,125,100"
2020-06-15,18303.0,19065.0,18303.0,18969.0,18969.0,483442500,"7,116.90","7,309.40","7,062.90","7,259.30","7,259.30","329,041,900"
2020-06-16,19383.0,19874.0,19297.0,19626.0,19626.0,786184600,"7,420.80","7,599.30","7,349.70","7,495.30","7,495.30","388,212,600"
2020-06-17,19670.0,19876.0,19487.0,19586.0,19586.0,575170300,"7,458.10","7,552.50","7,402.50","7,478.70","7,478.70","333,500,600"
2020-06-18,19562.0,19815.0,19332.0,19486.0,19486.0,495706400,"7,436.40","7,495.20","7,318.10","7,390.20","7,390.20","326,763,200"
2020-06-19,19601.0,19741.0,19572.0,19619.0,19619.0,934839800,"7,444.20","7,502.10","7,401.00","7,414.20","7,414.20","634,635,200"
2020-06-22,19402.0,19685.0,19311.0,19479.0,19479.0,421857500,"7,371.60","7,426.90","7,300.70","7,345.70","7,345.70","220,420,500"
2020-06-23,19626.0,19885.0,19551.0,19842.0,19842.0,523455200,"7,408.80","7,495.10","7,366.60","7,438.40","7,438.40","260,896,400"
2020-06-24,19778.0,19907.0,19163.0,19163.0,19163.0,511785200,"7,403.90","7,440.90","7,195.50","7,195.50","7,195.50","248,464,400"
2020-06-25,19101.0,19319.0,18878.0,19235.0,19235.0,491616700,"7,176.40","7,295.80","7,077.80","7,270.30","7,270.30","267,871,700"
2020-06-26,19442.0,19549.0,19124.0,19124.0,19124.0,366134900,"7,324.50","7,344.90","7,172.10","7,178.40","7,178.40","215,724,300"
2020-06-29,19159.0,19541.0,19113.0,19447.0,19447.0,358186700,"7,160.10","7,318.30","7,146.30","7,278.10","7,278.10","216,619,400"
2020-06-30,19517.0,19540.0,19223.0,19376.0,19376.0,414866900,"7,270.60","7,307.50","7,173.00","7,231.40","7,231.40","233,654,700"
2020-07-01,19452.0,19455.0,19013.0,19331.0,19331.0,361833800,"7,245.60","7,283.90","7,127.10","7,227.40","7,227.40","194,032,100"
2020-07-02,19531.0,19975.0,19482.0,19887.0,19887.0,495115800,"7,292.70","7,538.20","7,292.70","7,498.60","7,498.60","310,243,600"
2020-07-03,19941.0,19969.0,19632.0,19727.0,19727.0,289547200,"7,510.30","7,520.60","7,374.90","7,403.50","7,403.50","181,467,000"
2020-07-06,20121.0,20223.0,19928.0,20032.0,20032.0,443634500,"7,566.50","7,632.30","7,517.30","7,556.20","7,556.20","253,508,300"
2020-07-07,19938.0,20066.0,19845.0,20013.0,20013.0,352024500,"7,491.50","7,511.30","7,441.30","7,447.40","7,447.40","191,351,100"
2020-07-08,19914.0,20101.0,19848.0,19900.0,19900.0,327081800,"7,361.00","7,382.70","7,307.40","7,326.40","7,326.40","213,489,300"
2020-07-09,19993.0,20008.0,19502.0,19506.0,19506.0,324855600,"7,369.90","7,383.50","7,221.10","7,236.90","7,236.90","176,465,600"
2020-07-10,19395.0,19770.0,19395.0,19768.0,19768.0,299117400,"7,198.40","7,324.30","7,183.20","7,321.10","7,321.10","182,314,500"
2020-07-13,20063.0,20067.0,19735.0,20003.0,20003.0,449146200,"7,403.20","7,452.10","7,345.90","7,426.90","7,426.90","179,024,200"
2020-07-14,19799.0,19900.0,19677.0,19880.0,19880.0,425475000,"7,344.40","7,352.00","7,268.40","7,352.00","7,352.00","201,386,900"
2020-07-15,20046.0,20361.0,19982.0,20281.0,20281.0,507289700,"7,416.10","7,529.60","7,317.60","7,487.60","7,487.60","262,957,900"
2020-07-16,20207.0,20389.0,20179.0,20356.0,20356.0,483034300,"7,438.80","7,498.00","7,425.30","7,474.70","7,474.70","178,623,900"
2020-07-17,20414.0,20427.0,20264.0,20419.0,20419.0,399015800,"7,474.10","7,485.00","7,395.80","7,440.40","7,440.40","196,831,900"
2020-07-20,20327.0,20679.0,20217.0,20621.0,20621.0,448609300,"7,442.50","7,495.50","7,365.10","7,478.00","7,478.00","148,683,100"
2020-07-21,20899.0,21133.0,20703.0,20723.0,20723.0,642358800,"7,554.20","7,654.80","7,473.50","7,494.50","7,494.50","300,453,100"
2020-07-22,20689.0,20797.0,20509.0,20599.0,20599.0,400283900,"7,474.70","7,498.60","7,368.20","7,390.10","7,390.10","192,701,200"
2020-07-23,20664.0,20689.0,20363.0,20454.0,20454.0,372189300,"7,434.70","7,442.20","7,357.20","7,384.90","7,384.90","167,589,000"
2020-07-24,20155.0,20241.0,19960.0,20075.0,20075.0,378518300,"7,301.80","7,322.70","7,241.10","7,294.70","7,294.70","183,906,100"
2020-07-27,20034.0,20163.0,19914.0,20020.0,20020.0,358176700,"7,267.80","7,268.00","7,141.30","7,170.60","7,170.60","232,707,600"
2020-07-28,20022.0,20120.0,19698.0,19903.0,19903.0,335491900,"7,191.90","7,257.30","7,170.60","7,246.40","7,246.40","162,297,200"
2020-07-29,19895.0,19973.0,19719.0,19881.0,19881.0,359277100,"7,247.60","7,260.20","7,171.30","7,206.20","7,206.20","210,361,700"
2020-07-30,19926.0,19976.0,19116.0,19228.0,19228.0,545919800,"7,192.30","7,192.70","6,924.70","6,996.60","6,996.60","324,376,500"
2020-07-31,19342.0,19532.0,19086.0,19092.0,19092.0,454759400,"7,025.20","7,049.50","6,877.40","6,877.40","6,877.40","312,298,100"
2020-08-03,19137.0,19402.0,18949.0,19380.0,19380.0,411205200,"6,867.40","6,983.30","6,788.90","6,975.00","6,975.00","282,337,300"
2020-08-04,19532.0,19658.0,19377.0,19614.0,19614.0,566864900,"7,003.00","7,064.80","6,955.40","7,021.60","7,021.60","225,242,000"
2020-08-05,19766.0,19896.0,19642.0,19740.0,19740.0,544154400,"7,073.20","7,123.50","7,027.70","7,039.70","7,039.70","208,795,900"
2020-08-06,19702.0,19834.0,19353.0,19475.0,19475.0,642423100,"7,022.10","7,046.10","6,917.00","6,957.90","6,957.90","205,847,300"
2020-08-07,19429.0,19564.0,19251.0,19516.0,19516.0,349794600,"6,929.10","6,961.80","6,876.70","6,950.50","6,950.50","184,151,000"
2020-08-10,19570.0,19668.0,19454.0,19652.0,19652.0,251844900,"7,004.40","7,053.90","6,957.00","7,053.90","7,053.90","208,030,800"
2020-08-11,19850.0,20294.0,19850.0,20209.0,20209.0,486632200,"7,104.00","7,290.10","7,104.00","7,263.50","7,263.50","271,632,300"
2020-08-12,20172.0,20463.0,20151.0,20437.0,20437.0,372877300,"7,250.30","7,317.90","7,225.70","7,296.00","7,296.00","219,850,300"
2020-08-13,20383.0,20472.0,20257.0,20257.0,20257.0,314363800,"7,267.90","7,321.90","7,240.80","7,250.50","7,250.50","159,766,300"
2020-08-14,20159.0,20185.0,19821.0,20028.0,20028.0,296289800,"7,224.10","7,227.60","7,064.00","7,154.30","7,154.30","175,803,800"
2020-08-17,20101.0,20123.0,19853.0,19950.0,19950.0,246143300,"7,141.50","7,173.30","7,064.10","7,090.10","7,090.10","131,241,200"
2020-08-18,19845.0,20159.0,19723.0,19846.0,19846.0,255470500,"7,065.70","7,165.60","7,024.40","7,043.50","7,043.50","142,775,200"
2020-08-19,19833.0,20055.0,19734.0,20055.0,20055.0,221316800,"7,039.10","7,094.30","7,002.80","7,094.30","7,094.30","132,230,000"
2020-08-20,19827.0,19921.0,19719.0,19767.0,19767.0,264922400,"7,011.40","7,034.50","6,974.90","6,993.30","6,993.30","155,668,600"
2020-08-21,19846.0,19868.0,19480.0,19695.0,19695.0,300533200,"7,016.70","7,025.90","6,900.50","6,982.10","6,982.10","171,116,500"
2020-08-24,19908.0,20130.0,19887.0,20113.0,20113.0,304828800,"7,044.20","7,120.80","7,037.30","7,109.10","7,109.10","147,789,200"
2020-08-25,20256.0,20368.0,20030.0,20030.0,20030.0,327848800,"7,147.90","7,215.10","7,103.20","7,108.40","7,108.40","189,748,500"
2020-08-26,19971.0,20137.0,19928.0,20137.0,20137.0,336048100,"7,088.40","7,136.50","7,070.40","7,123.00","7,123.00","122,064,500"
2020-08-27,20131.0,20133.0,19847.0,19847.0,19847.0,479171100,"7,114.10","7,130.20","7,029.20","7,090.70","7,090.70","162,183,000"
2020-08-28,19953.0,19992.0,19687.0,19841.0,19841.0,475736200,"7,114.70","7,162.90","7,055.10","7,133.00","7,133.00","193,354,900"
2020-08-31,19972.0,20081.0,19616.0,19634.0,19634.0,411640300,"7,174.30","7,198.30","6,960.00","6,969.50","6,969.50","205,260,600"
2020-09-01,19776.0,19871.0,19435.0,19595.0,19595.0,429280800,"7,038.50","7,042.00","6,903.00","6,956.90","6,956.90","226,079,800"
2020-09-02,19713.0,20036.0,19672.0,19858.0,19858.0,375861100,"6,973.10","7,046.10","6,963.90","6,996.90","6,996.90","208,505,300"
2020-09-03,20009.0,20141.0,19462.0,19551.0,19551.0,460398600,"7,065.20","7,159.60","6,971.20","7,006.00","7,006.00","246,671,100"
2020-09-04,19466.0,19781.0,19255.0,19391.0,19391.0,470672600,"7,015.70","7,133.40","6,954.70","6,989.70","6,989.70","462,539,100"
2020-09-07,19530.0,19757.0,19480.0,19738.0,19738.0,309461500,"7,032.80","7,098.00","7,013.00","7,080.70","7,080.70","257,575,100"
2020-09-08,19808.0,19817.0,19202.0,19380.0,19380.0,431597700,"7,087.90","7,102.60","6,899.00","6,955.00","6,955.00","246,699,200"
2020-09-09,19365.0,19792.0,19364.0,19771.0,19771.0,378273400,"6,946.40","7,038.60","6,938.90","7,020.90","7,020.90","202,896,600"
2020-09-10,19786.0,19971.0,19692.0,19820.0,19820.0,462606700,"7,020.60","7,050.90","6,967.40","6,999.20","6,999.20","211,096,000"
2020-09-11,19790.0,19876.0,19698.0,19821.0,19821.0,357726000,"6,989.40","7,000.90","6,910.40","6,943.20","6,943.20","209,115,200"
2020-09-14,19943.0,19968.0,19725.0,19794.0,19794.0,270291800,"6,989.80","7,005.70","6,935.00","6,951.10","6,951.10","199,767,400"
2020-09-15,19831.0,20043.0,19718.0,19957.0,19957.0,337754900,"6,958.90","7,064.00","6,954.80","7,036.00","7,036.00","204,185,200"
2020-09-16,19982.0,20033.0,19803.0,19964.0,19964.0,338233900,"7,048.30","7,110.80","7,020.70","7,110.80","7,110.80","239,805,900"
2020-09-17,19646.0,19811.0,19630.0,19740.0,19740.0,444680400,"7,027.10","7,101.80","7,013.80","7,086.20","7,086.20","214,242,300"
2020-09-18,19685.0,19790.0,19510.0,19525.0,19525.0,714073700,"7,073.80","7,075.30","6,923.60","6,929.80","6,929.80","975,212,000"
2020-09-21,19408.0,19440.0,18778.0,18793.0,18793.0,575956100,"6,892.90","6,892.90","6,678.80","6,692.30","6,692.30","384,701,000"
2020-09-22,18945.0,19081.0,18803.0,18896.0,18896.0,384961300,"6,752.90","6,758.00","6,645.60","6,648.60","6,648.60","286,493,700"
2020-09-23,19080.0,19232.0,18930.0,18930.0,18930.0,359846900,"6,717.80","6,781.10","6,654.20","6,654.20","6,654.20","294,826,200"
2020-09-24,18653.0,19102.0,18621.0,18907.0,18907.0,413000800,"6,577.60","6,705.70","6,562.60","6,643.40","6,643.40","285,830,200"
2020-09-25,18936.0,18938.0,18546.0,18698.0,18698.0,404244200,"6,647.40","6,681.90","6,552.30","6,628.30","6,628.30","263,364,400"
2020-09-28,18953.0,19173.0,18903.0,19160.0,19160.0,385654500,"6,709.20","6,798.90","6,681.40","6,791.50","6,791.50","212,053,800"
2020-09-29,19132.0,19222.0,18996.0,19061.0,19061.0,290185600,"6,769.50","6,790.70","6,713.60","6,713.60","6,713.60","198,774,100"
2020-09-30,18886.0,19146.0,18873.0,19015.0,19015.0,343267400,"6,663.60","6,771.10","6,639.70","6,716.60","6,716.60","247,927,500"
2020-10-01,19177.0,19271.0,18970.0,19062.0,19062.0,396385700,"6,789.10","6,800.80","6,701.20","6,730.70","6,730.70","227,516,000"
2020-10-02,18834.0,19072.0,18815.0,19064.0,19064.0,371254100,"6,675.40","6,754.50","6,648.90","6,754.50","6,754.50","227,139,400"
2020-10-05,19208.0,19270.0,19091.0,19266.0,19266.0,380939400,"6,814.50","6,851.00","6,794.10","6,837.90","6,837.90","237,493,400"
2020-10-06,19333.0,19520.0,19195.0,19430.0,19430.0,440230000,"6,860.10","6,975.40","6,838.80","6,936.20","6,936.20","265,233,500"
2020-10-07,19410.0,19473.0,19356.0,19435.0,19435.0,355102000,"6,920.20","6,952.60","6,887.10","6,910.10","6,910.10","207,416,200"
2020-10-08,19536.0,19631.0,19462.0,19582.0,19582.0,366363800,"6,953.20","7,018.80","6,951.70","6,992.80","6,992.80","202,093,000"
2020-10-09,19592.0,19683.0,19476.0,19595.0,19595.0,324307300,"6,992.90","7,024.60","6,936.70","6,950.90","6,950.90","182,746,300"
2020-10-12,19643.0,19765.0,19559.0,19719.0,19719.0,302531800,"6,968.80","6,979.90","6,924.80","6,951.00","6,951.00","167,258,200"
2020-10-13,19722.0,19730.0,19489.0,19559.0,19559.0,351485400,"6,945.20","6,960.60","6,854.60","6,875.20","6,875.20","205,874,300"
2020-10-14,19576.0,19738.0,19516.0,19608.0,19608.0,306627600,"6,880.40","6,946.80","6,846.50","6,916.60","6,916.60","178,694,400"
2020-10-15,19380.0,19385.0,18957.0,19065.0,19065.0,477390500,"6,840.20","6,842.30","6,763.00","6,816.80","6,816.80","237,247,000"
2020-10-16,19203.0,19454.0,19037.0,19390.0,19390.0,447815200,"6,851.90","6,877.00","6,784.60","6,849.70","6,849.70","234,162,000"
2020-10-19,19476.0,19585.0,19310.0,19374.0,19374.0,290278700,"6,882.10","6,932.80","6,816.40","6,860.20","6,860.20","173,622,600"
2020-10-20,19323.0,19568.0,19245.0,19482.0,19482.0,375281300,"6,834.80","6,972.10","6,826.70","6,927.30","6,927.30","221,477,800"
2020-10-21,19526.0,19528.0,19083.0,19086.0,19086.0,392794000,"6,961.50","6,962.20","6,806.10","6,811.50","6,811.50","207,333,200"
2020-10-22,19086.0,19171.0,18856.0,19077.0,19077.0,375503700,"6,775.20","6,839.50","6,709.30","6,796.60","6,796.60","212,045,300"
2020-10-23,19082.0,19365.0,19074.0,19285.0,19285.0,425542700,"6,802.10","6,902.00","6,791.90","6,893.40","6,893.40","221,927,800"
2020-10-26,18942.0,19203.0,18919.0,18945.0,18945.0,415680400,"6,797.90","6,904.20","6,789.70","6,796.90","6,796.90","195,991,200"
2020-10-27,19011.0,19011.0,18647.0,18655.0,18655.0,429077300,"6,845.20","6,846.70","6,647.00","6,651.30","6,651.30","273,169,200"
2020-10-28,18297.0,18347.0,17843.0,17898.0,17898.0,679900600,"6,560.80","6,563.80","6,423.30","6,474.40","6,474.40","323,758,000"
2020-10-29,17965.0,18082.0,17636.0,17872.0,17872.0,552011900,"6,467.70","6,514.00","6,329.50","6,411.80","6,411.80","298,195,700"
2020-10-30,17683.0,17970.0,17670.0,17943.0,17943.0,470261200,"6,351.40","6,461.60","6,345.30","6,452.20","6,452.20","260,708,300"
2020-11-02,17968.0,18400.0,17806.0,18400.0,18400.0,472405000,"6,481.40","6,590.70","6,396.30","6,585.60","6,585.60","222,245,200"
2020-11-03,18536.0,18986.0,18508.0,18986.0,18986.0,537178700,"6,636.10","6,760.80","6,608.70","6,751.60","6,751.60","281,852,500"
2020-11-04,18673.0,19395.0,18577.0,19358.0,19358.0,571091200,"6,616.70","6,790.80","6,563.70","6,781.90","6,781.90","274,816,200"
2020-11-05,19490.0,19788.0,19480.0,19731.0,19731.0,497400000,"6,833.50","6,948.30","6,814.20","6,924.20","6,924.20","255,824,700"
2020-11-06,19686.0,19822.0,19482.0,19682.0,19682.0,471238000,"6,890.60","6,940.40","6,829.40","6,870.40","6,870.40","206,308,100"
2020-11-09,20011.0,20932.0,19961.0,20750.0,20750.0,1136870400,"6,972.30","7,535.30","6,945.80","7,459.40","7,459.40","751,200,600"
2020-11-10,20788.0,20929.0,20584.0,20852.0,20852.0,936791400,"7,447.10","7,720.30","7,439.50","7,711.40","7,711.40","705,610,500"
2020-11-11,20958.0,21050.0,20816.0,20993.0,20993.0,587145900,"7,733.80","7,804.60","7,675.80","7,793.70","7,793.70","401,246,900"
2020-11-12,20826.0,20960.0,20710.0,20818.0,20818.0,543216500,"7,721.70","7,773.30","7,688.00","7,726.00","7,726.00","309,657,400"
2020-11-13,20707.0,20965.0,20701.0,20904.0,20904.0,426848500,"7,698.60","7,823.10","7,686.20","7,783.70","7,783.70","297,808,600"
2020-11-16,21145.0,21435.0,21008.0,21317.0,21317.0,682567300,"7,905.90","8,102.40","7,879.00","7,986.20","7,986.20","601,880,600"
2020-11-17,21307.0,21495.0,21248.0,21435.0,21435.0,491659300,"7,979.00","7,979.00","7,835.80","7,934.30","7,934.30","428,970,100"
2020-11-18,21421.0,21659.0,21366.0,21623.0,21623.0,587685300,"7,914.10","7,994.30","7,888.70","7,981.50","7,981.50","296,385,800"
2020-11-19,21486.0,21680.0,21426.0,21536.0,21536.0,513106200,"7,907.20","7,978.80","7,863.90","7,930.20","7,930.20","261,607,300"
2020-11-20,21522.0,21771.0,21496.0,21707.0,21707.0,493720900,"7,938.80","8,001.10","7,920.00","7,977.90","7,977.90","232,651,500"
2020-11-23,21871.0,21996.0,21702.0,21702.0,21702.0,548503600,"8,029.10","8,067.30","7,972.20","7,981.20","7,981.20","278,313,000"
2020-11-24,21985.0,22150.0,21953.0,22145.0,22145.0,721630200,"8,052.40","8,143.20","8,045.30","8,143.20","8,143.20","351,639,600"
2020-11-25,22281.0,22344.0,22054.0,22304.0,22304.0,641951300,"8,172.40","8,199.90","8,084.40","8,164.70","8,164.70","294,450,000"
2020-11-26,22385.0,22387.0,22201.0,22201.0,22201.0,541595900,"8,184.80","8,184.90","8,086.70","8,104.60","8,104.60","218,317,400"
2020-11-27,22173.0,22386.0,22167.0,22352.0,22352.0,583607500,"8,069.10","8,190.70","8,054.40","8,190.70","8,190.70","415,126,100"
2020-11-30,22210.0,22353.0,22061.0,22061.0,22061.0,734672200,"8,130.60","8,165.20","8,075.40","8,076.90","8,076.90","544,905,000"
2020-12-01,22193.0,22227.0,22010.0,22100.0,22100.0,578774400,"8,112.70","8,176.40","8,100.20","8,140.80","8,140.80","284,946,100"
2020-12-02,22020.0,22043.0,21784.0,21972.0,21972.0,543377900,"8,111.10","8,226.20","8,104.20","8,220.80","8,220.80","310,837,500"
2020-12-03,22019.0,22034.0,21902.0,22007.0,22007.0,425138400,"8,208.10","8,223.40","8,154.80","8,200.70","8,200.70","233,469,300"
2020-12-04,22030.0,22197.0,22027.0,22179.0,22179.0,507922100,"8,201.20","8,322.90","8,197.00","8,322.90","8,322.90","352,968,100"
2020-12-07,22130.0,22156.0,21964.0,22107.0,22107.0,351279100,"8,283.30","8,296.40","8,225.50","8,275.60","8,275.60","228,160,200"
2020-12-08,22064.0,22106.0,21904.0,22053.0,22053.0,275971200,"8,262.40","8,273.60","8,206.30","8,227.60","8,227.60","202,823,300"
2020-12-09,22215.0,22274.0,21957.0,21970.0,21970.0,471702800,"8,262.20","8,292.60","8,223.10","8,235.30","8,235.30","212,038,900"
2020-12-10,22032.0,22089.0,21746.0,21916.0,21916.0,450860100,"8,260.30","8,284.30","8,124.90","8,182.30","8,182.30","272,111,500"
2020-12-11,21857.0,21904.0,21572.0,21702.0,21702.0,428052900,"8,147.80","8,151.40","7,978.10","8,063.10","8,063.10","269,809,400"
2020-12-14,21863.0,21997.0,21760.0,21760.0,21760.0,389977700,"8,160.20","8,222.50","8,140.50","8,140.80","8,140.80","225,309,600"
2020-12-15,21718.0,21964.0,21676.0,21935.0,21935.0,347534000,"8,153.20","8,166.60","8,099.70","8,152.40","8,152.40","213,877,000"
2020-12-16,21995.0,22176.0,21888.0,21987.0,21987.0,447187000,"8,166.40","8,209.70","8,104.40","8,139.50","8,139.50","218,432,700"
2020-12-17,22079.0,22142.0,22009.0,22012.0,22012.0,456361000,"8,164.60","8,180.80","8,110.50","8,153.40","8,153.40","193,099,700"
2020-12-18,21919.0,22145.0,21911.0,21976.0,21976.0,653820900,"8,114.30","8,159.40","8,036.70","8,037.40","8,037.40","355,173,100"
2020-12-21,21470.0,21634.0,21087.0,21411.0,21411.0,596283800,"7,860.90","7,872.30","7,663.50","7,789.80","7,789.80","339,116,800"
2020-12-22,21491.0,21851.0,21489.0,21844.0,21844.0,307522300,"7,822.00","7,942.40","7,818.00","7,934.20","7,934.20","187,112,500"
2020-12-23,21970.0,22156.0,21921.0,22130.0,22130.0,306654600,"7,948.80","8,084.20","7,940.00","8,073.60","8,073.60","183,108,500"
2020-12-28,22308.0,22354.0,22252.0,22289.0,22289.0,260519700,8179.29981,8192.09961,8122.2002,8155.6001,8155.6001,147457600
2020-12-29,22389.0,22395.0,22203.0,22259.0,22259.0,229758800,8203.2002,8225.79981,8167,8174.79981,8174.79981,143794800
2020-12-30,22303.0,22345.0,22233.0,22233.0,22233.0,224887400,8174.2002,8194.2002,8149.79981,8154.3999,8154.3999,129930500
2021-01-04,22398.0,22493.0,22228.0,22316.0,22316.0,432600300,8191.79981,8207.2002,8053,8099.2002,8099.2002,213153000
2021-01-05,22223.0,22355.0,22106.0,22201.0,22201.0,381948600,8052.2002,8118.1001,8037.3999,8091.5,8091.5,173796400
2021-01-06,22364.0,22793.0,22218.0,22734.0,22734.0,672068000,8179.79981,8383.7002,8134.1001,8350.29981,8350.29981,275695700
2021-01-07,22824.0,22852.0,22622.0,22746.0,22746.0,476763700,8383.79981,8399.5,8274.09961,8385.79981,8385.79981,247341500
2021-01-08,22946.0,23004.0,22701.0,22794.0,22794.0,447809200,8439.7002,8439.7002,8366.2002,8407.7002,8407.7002,204981400
2021-01-11,22704.0,22804.0,22502.0,22722.0,22722.0,358993400,8369.2002,8411.90039,8317,8357.5,8357.5,188251800
2021-01-12,22787.0,22821.0,22558.0,22646.0,22646.0,459404700,8375.2002,8396.29981,8322.40039,8345.90039,8345.90039,207298100
2021-01-13,22611.0,22812.0,22574.0,22744.0,22744.0,388253200,8353.90039,8386.59961,8318.7002,8361.09961,8361.09961,206409700
2021-01-14,22743.0,22880.0,22638.0,22638.0,22638.0,405187100,8360.90039,8394.40039,8335.90039,8372.40039,8372.40039,196757600
2021-01-15,22633.0,22748.0,22243.0,22381.0,22381.0,434287800,8332.2002,8361.7002,8173.79981,8230.7002,8230.7002,251305100
2021-01-18,22258.0,22516.0,22239.0,22499.0,22499.0,335089300,8194.7002,8259.40039,8180.7002,8254.5,8254.5,122092800
2021-01-19,22636.0,22650.0,22428.0,22442.0,22442.0,386351200,8303.7002,8320.2002,8198.40039,8199,8199,162964400
2021-01-20,22570.0,22665.0,22503.0,22651.0,22651.0,380508500,8220.29981,8240.90039,8140.29981,8204.09961,8204.09961,147519500
2021-01-21,22790.0,22836.0,22425.0,22429.0,22429.0,407667700,8234.5,8275.90039,8117.8999,8122.1001,8122.1001,179934200
2021-01-22,22253.0,22259.0,21926.0,22088.0,22088.0,455886600,8072.7002,8078.1001,7971.1001,8036.3999,8036.3999,233703000
2021-01-25,22237.0,22250.0,21667.0,21736.0,21736.0,444515300,8076.8999,8085.79981,7846,7897.29981,7897.29981,218852300
2021-01-26,21710.0,22044.0,21655.0,21987.0,21987.0,370538500,7907.7002,8008.5,7907.7002,7964.8999,7964.8999,177642900
2021-01-27,21923.0,21985.0,21421.0,21663.0,21663.0,460640200,7950.3999,7995.5,7782.5,7852.7002,7852.7002,208275300
2021-01-28,21470.0,21941.0,21312.0,21917.0,21917.0,421309200,7767.2002,7958.8999,7713.5,7932.5,7932.5,201655300
2021-01-29,21570.0,21786.0,21521.0,21573.0,21573.0,430738500,7825.79981,7882.8999,7757.29981,7757.5,7757.5,250623200
2021-02-01,21737.0,21883.0,21619.0,21826.0,21826.0,320779300,7823,7842.29981,7779.79981,7798.2002,7798.2002,182007000
2021-02-02,21957.0,22152.0,21956.0,22067.0,22067.0,385385100,7844.6001,7958.8999,7828.1001,7950.8999,7950.8999,238438100
2021-02-03,22444.0,22738.0,22378.0,22528.0,22528.0,788305200,8048.2002,8088.2002,7983.29981,8012.79981,8012.79981,220821600
2021-02-04,22562.0,22982.0,22481.0,22901.0,22901.0,585655700,8031.3999,8122.6001,8005.3999,8122.6001,8122.6001,241673000
2021-02-05,22988.0,23276.0,22937.0,23083.0,23083.0,763260500,8129.79981,8227.2002,8107.29981,8214.7002,8214.7002,261535200
2021-02-08,23281.0,23513.0,23231.0,23426.0,23426.0,677058800,8251.79981,8260.29981,8187.8999,8219,8219,203539900
2021-02-09,23482.0,23482.0,23259.0,23300.0,23300.0,435700200,8216.79981,8219,8090.79981,8101,8101,159552300
2021-02-10,23413.0,23414.0,23134.0,23265.0,23265.0,449557400,8127.2002,8144.29981,8026.8999,8065.3999,8065.3999,170296200
2021-02-11,23288.0,23369.0,23255.0,23307.0,23307.0,391629500,8067.1001,8095.1001,8008.2002,8037.6001,8037.6001,136461900
2021-02-12,23291.0,23411.0,23059.0,23411.0,23411.0,355015700,8025,8055,7921.29981,8055,8055,157832900
2021-02-15,23629.0,23652.0,23562.0,23604.0,23604.0,438025700,8124.3999,8218.59961,8108.2002,8203.5,8203.5,193906300
2021-02-16,23631.0,23641.0,23423.0,23441.0,23441.0,372745200,8215.09961,8222.29981,8129.2002,8153.7002,8153.7002,164686700
2021-02-17,23384.0,23453.0,23122.0,23179.0,23179.0,391642600,8140.79981,8176.29981,8073.8999,8122.7002,8122.7002,190607900
2021-02-18,23196.0,23278.0,22882.0,22922.0,22922.0,385295100,8133.5,8168.6001,8045.29981,8058.1001,8058.1001,151455500
2021-02-19,22935.0,23187.0,22852.0,23136.0,23136.0,451362100,8066.7002,8172.6001,8016.1001,8151.6001,8151.6001,209007000
2021-02-22,23000.0,23045.0,22842.0,23009.0,23009.0,377445000,8119.6001,8126.29981,8045.29981,8112.2002,8112.2002,221465900
2021-02-23,23102.0,23174.0,22635.0,22939.0,22939.0,508987300,8128,8259.90039,8107.6001,8252.09961,8252.09961,293160800
2021-02-24,22904.0,23133.0,22870.0,23098.0,23098.0,879138700,8266.59961,8311.5,8205.2002,8269.59961,8269.59961,225852700
2021-02-25,23265.0,23292.0,23055.0,23064.0,23064.0,695998400,8331.2002,8387,8310.7002,8317.79981,8317.79981,309755000
2021-02-26,22724.0,23027.0,22678.0,22849.0,22849.0,561491600,8218.59961,8377.09961,8166.29981,8225,8225,291865800
2021-03-01,23123.0,23272.0,23078.0,23265.0,23265.0,475925000,8324.59961,8395.90039,8291.29981,8378.09961,8378.09961,182097000
2021-03-02,23177.0,23326.0,23084.0,23084.0,23084.0,444498500,8360.90039,8436.5,8328.59961,8355.79981,8355.79981,177712100
2021-03-03,23218.0,23353.0,22824.0,23047.0,23047.0,610081900,8397.59961,8466.59961,8278.5,8329.29981,8329.29981,240923800
2021-03-04,22955.0,23188.0,22796.0,23093.0,23093.0,505106200,8285.09961,8382.2002,8273.90039,8354,8354,207044300
2021-03-05,22955.0,23290.0,22874.0,22966.0,22966.0,599011100,8322.09961,8387.09961,8239.7002,8286.79981,8286.79981,259819800
2021-03-08,23174.0,23730.0,23068.0,23682.0,23682.0,660479000,8358,8458.40039,8307.5,8444.2002,8444.2002,235094900
2021-03-09,23691.0,23870.0,23632.0,23817.0,23817.0,609586300,8446.29981,8516.2002,8416,8496.40039,8496.40039,281898000
2021-03-10,23794.0,23958.0,23736.0,23926.0,23926.0,599918900,8479.5,8561.09961,8462.29981,8525.2002,8525.2002,203746300
2021-03-11,24024.0,24222.0,24024.0,24121.0,24121.0,749086700,8567.59961,8609.5,8495.79981,8593,8593,189021600
2021-03-12,24098.0,24180.0,24020.0,24113.0,24113.0,583290800,8570,8644.5,8554.40039,8644.5,8644.5,149113500
2021-03-15,24217.0,24425.0,24054.0,24139.0,24139.0,519599900,8689.90039,8740.09961,8617.59961,8635.40039,8635.40039,210887200
2021-03-16,24256.0,24319.0,24183.0,24261.0,24261.0,5477600,8679.40039,8717.59961,8617.79981,8657.7002,8657.7002,209943700
2021-03-17,24277.0,24350.0,24198.0,24281.0,24281.0,5001700,8652.09961,8659.09961,8570.09961,8599.5,8599.5,173237000
2021-03-18,24434.0,24459.0,24259.0,24360.0,24360.0,624093300,8632.59961,8658.79981,8587.09961,8624.59961,8624.59961,237338400
2021-03-19,24014.0,24370.0,23967.0,24199.0,24199.0,1238440000,8560.09961,8591.2002,8465.90039,8493,8493,375052600
2021-03-22,24075.0,24286.0,24029.0,24263.0,24263.0,448927300,8430.2002,8432.59961,8324.79981,8343.5,8343.5,229082300
2021-03-23,24213.0,24218.0,24024.0,24114.0,24114.0,464538900,,,,,,
2021-03-24,23970.0,24217.0,23934.0,24209.0,24209.0,395181000,,,,,,
2021-03-25,24149.0,24265.0,23993.0,24219.0,24219.0,453740100,,,,,,
2021-03-26,24390.0,24427.0,24266.0,24393.0,24393.0,457711200,,,,,,
2021-03-29,24426.0,24486.0,24328.0,24421.0,24421.0,377326900,,,,,,
2021-03-30,24537.0,24708.0,24469.0,24636.0,24636.0,462403700,,,,,,
2021-03-31,24677.0,24778.0,24637.0,24649.0,24649.0,434928900,,,,,,
2021-04-01,24731.0,24755.0,24656.0,24710.0,24710.0,367029700,,,,,,
2021-04-06,24926.0,24939.0,24746.0,24761.0,24761.0,434526200,,,,,,
2021-04-07,24762.0,24835.0,24602.0,24741.0,24741.0,333287300,,,,,,
2021-04-08,24855.0,24876.0,24532.0,24577.0,24577.0,474760600,,,,,,
2021-04-09,24614.0,24678.0,24429.0,24429.0,24429.0,374601700,,,,,,
2021-04-12,24404.0,24578.0,24341.0,24457.0,24457.0,269571200,,,,,,
2021-04-13,24486.0,24639.0,24462.0,24600.0,24600.0,353958500,,,,,,
2021-04-14,24631.0,24631.0,24435.0,24575.0,24575.0,326141900,,,,,,
2021-04-15,24601.0,24641.0,24470.0,24529.0,24529.0,317438800,,,,,,
2021-04-16,24555.0,24767.0,24526.0,24744.0,24744.0,395037300,,,,,,
