Date,Open nif,High nif,Low nif,Close nif,Adj Close nif,Volume nif,Open nse,High nse,Low nse,Close nse,Adj Close nse,Volume nse
2020-01-01,12202.1504,12222.2002,12165.2998,12182.5,12182.5,304100.0,,,,,,
2020-01-02,12198.5498,12289.9004,12195.25,12282.2002,12282.2002,407700.0,32133.1504,32465.4492,32121.4004,32443.8496,32443.8496,253600.0
2020-01-03,12261.0996,12265.5996,12191.3496,12226.6504,12226.6504,428800.0,32326.9492,32329.8008,31960.4004,32069.25,32069.25,217600.0
2020-01-06,12170.5996,12179.0996,11974.2002,11993.0498,11993.0498,396500.0,31910.4492,31914.4492,31170.5508,31237.1504,31237.1504,256200.0
2020-01-07,12079.0996,12152.1504,12005.3496,12052.9502,12052.9502,447800.0,31598.0508,31851.4492,31200.9004,31399.4004,31399.4004,294400.0
2020-01-08,11939.0996,12044.9502,11929.5996,12025.3496,12025.3496,446000.0,30995.5,31451.8496,30899.5508,31373.6504,31373.6504,304500.0
2020-01-09,12153.1504,12224.0498,12132.5498,12215.9004,12215.9004,477500.0,31748.25,32172.6992,31667.1504,32092.4004,32092.4004,308000.0
2020-01-10,12271.0,12311.2002,12213.2002,12256.7998,12256.7998,660600.0,32215.6992,32347.1992,31953.4004,32097.4004,32097.4004,444700.0
2020-01-13,12296.7002,12337.75,12285.7998,12329.5498,12329.5498,501000.0,32139.0996,32322.6504,32074.0508,32177.6504,32177.6504,291400.0
2020-01-14,12333.0996,12374.25,12308.7002,12362.2998,12362.2998,616300.0,32196.4492,32196.4492,31989.1992,32071.6504,32071.6504,438900.0
2020-01-15,12349.4004,12355.1504,12278.75,12343.2998,12343.2998,684400.0,31994.75,32000.9004,31670.3496,31824.9004,31824.9004,545700.0
2020-01-16,12347.0996,12389.0498,12315.7998,12355.5,12355.5,395700.0,31810.5508,31988.9004,31692.4004,31853.9004,31853.9004,253700.0
2020-01-17,12328.4004,12385.4502,12321.4004,12352.3496,12352.3496,502100.0,31571.6504,31773.5508,31445.5,31590.6504,31590.6504,308100.0
2020-01-20,12430.5,12430.5,12216.9004,12224.5498,12224.5498,491600.0,31923.9492,31923.9492,31050.9492,31080.6504,31080.6504,282200.0
2020-01-21,12195.2998,12230.0498,12162.2998,12169.8496,12169.8496,400.0,30978.8496,31171.25,30858.5996,30947.5508,30947.5508,227500.0
2020-01-22,12218.3496,12225.0498,12087.9004,12106.9004,12106.9004,500.0,31061.5996,31149.0508,30614.0,30701.4492,30701.4492,200600.0
2020-01-23,12123.75,12189.0,12094.0996,12180.3496,12180.3496,867700.0,30742.1992,31087.25,30621.3496,31004.0508,31004.0508,343800.0
2020-01-24,12174.5498,12272.1504,12149.6504,12248.25,12248.25,593200.0,31040.0996,31375.4492,30879.0508,31241.75,31241.75,424600.0
2020-01-27,12197.0996,12216.5996,12107.0,12119.0,12119.0,441200.0,31110.5508,31227.0508,30808.5508,30837.4004,30837.4004,309900.0
2020-01-28,12148.0996,12163.5498,12024.5,12055.7998,12055.7998,478500.0,30922.0,31048.4492,30656.3496,30761.4004,30761.4004,239600.0
2020-01-29,12114.9004,12169.5996,12103.7998,12129.5,12129.5,514400.0,30915.0996,31082.8496,30835.8008,30877.0,30877.0,268800.0
2020-01-30,12147.75,12150.2998,12010.5996,12035.7998,12035.7998,538100.0,30889.25,30909.5,30521.3008,30647.4004,30647.4004,328900.0
2020-01-31,12100.4004,12103.5498,11945.8496,11962.0996,11962.0996,771300.0,30950.5,31033.4492,30691.8008,30833.5996,30833.5996,333400.0
2020-02-03,11627.4502,11749.8496,11614.5,11707.9004,11707.9004,669800.0,29811.75,30105.8008,29612.5508,30023.25,30023.25,337100.0
2020-02-04,11786.25,11986.1504,11783.4004,11979.6504,11979.6504,560400.0,30235.3008,30776.9492,30182.4492,30686.6992,30686.6992,336600.0
2020-02-05,12005.8496,12098.1504,11953.3496,12089.1504,12089.1504,758000.0,30761.9492,31065.8496,30630.8496,31001.9492,31001.9492,427600.0
2020-02-06,12120.0,12160.5996,12084.6504,12137.9502,12137.9502,565100.0,31070.75,31470.6504,30917.25,31304.0508,31304.0508,334000.0
2020-02-07,12151.1504,12154.7002,12073.9502,12098.3496,12098.3496,473500.0,31367.0508,31368.1992,31111.0508,31201.9492,31201.9492,254400.0
2020-02-10,12102.3496,12103.5498,11990.75,12031.5,12031.5,524700.0,31248.6504,31248.8008,30957.1992,31058.1504,31058.1504,239700.0
2020-02-11,12108.4004,12172.2998,12099.0,12107.9004,12107.9004,480000.0,31230.1992,31505.9492,31225.9004,31300.5996,31300.5996,198900.0
2020-02-12,12151.0,12231.75,12144.2998,12201.2002,12201.2002,411700.0,31441.1504,31588.5996,31398.1504,31492.9004,31492.9004,226000.0
2020-02-13,12219.5498,12225.6504,12139.7998,12174.6504,12174.6504,501200.0,31586.5508,31649.4492,31180.5996,31230.25,31230.25,303000.0
2020-02-14,12190.1504,12246.7002,12091.2002,12113.4502,12113.4502,622800.0,31281.8496,31436.6504,30776.0996,30834.8008,30834.8008,341400.0
2020-02-17,12131.7998,12159.5996,12037.0,12045.7998,12045.7998,0.0,30873.8496,30998.1504,30630.5,30680.6992,30680.6992,0.0
2020-02-18,12028.25,12030.75,11908.0498,11992.5,11992.5,676900.0,30661.5,30692.75,30252.4492,30562.5,30562.5,398900.0
2020-02-19,12090.5996,12134.7002,12042.0996,12125.9004,12125.9004,513600.0,30905.0,30947.1504,30606.1504,30838.1992,30838.1992,268800.0
2020-02-20,12119.0,12152.0,12071.4502,12080.8496,12080.8496,502600.0,30862.3008,31085.3008,30702.4492,30942.8496,30942.8496,273100.0
2020-02-24,12012.5498,12012.5498,11813.4004,11829.4004,11829.4004,490800.0,30666.3496,30702.1504,30428.0,30455.0996,30455.0996,254200.0
2020-02-25,11877.5,11883.0498,11779.9004,11797.9004,11797.9004,461000.0,30517.0,30610.6992,30329.9492,30432.6992,30432.6992,215900.0
2020-02-26,11738.5498,11783.25,11639.5996,11678.5,11678.5,567600.0,30279.9492,30515.3496,30131.75,30306.8496,30306.8496,291000.0
2020-02-27,11661.25,11663.8496,11536.7002,11633.2998,11633.2998,608600.0,30270.0,30271.9492,29914.1504,30187.0,30187.0,358000.0
2020-02-28,11382.0,11384.7998,11175.0498,11201.75,11201.75,809900.0,29501.5508,29564.0996,29051.5,29147.1504,29147.1504,386900.0
2020-03-02,11387.3496,11433.0,11036.25,11132.75,11132.75,680800.0,29701.0,29791.1504,28571.6992,28868.4004,28868.4004,368300.0
2020-03-03,11217.5498,11342.25,11152.5498,11303.2998,11303.2998,696500.0,29012.5508,29285.3496,28749.5508,29177.0508,29177.0508,367300.0
2020-03-04,11351.3496,11356.5996,11082.1504,11251.0,11251.0,797700.0,29252.9492,29273.6504,28125.1504,28653.6992,28653.6992,425800.0
2020-03-05,11306.0498,11389.5,11244.5996,11269.0,11269.0,1352500.0,28830.3008,29134.3008,28535.5996,28815.3496,28815.3496,1075700.0
2020-03-06,10942.6504,11035.0996,10827.4004,10989.4502,10989.4502,1811000.0,27649.9492,28047.1992,27162.3008,27801.4492,27801.4492,1568100.0
2020-03-09,10742.0498,10751.5498,10294.4502,10451.4502,10451.4502,1565500.0,27031.4492,27091.5996,25923.4004,26462.5996,26462.5996,1059000.0
2020-03-11,10334.2998,10545.0996,10334.0,10458.4004,10458.4004,1218500.0,26272.75,26791.4492,26234.0996,26487.8008,26487.8008,723300.0
2020-03-12,10039.9502,10040.75,9508.0,9590.15039,9590.15039,1343500.0,25175.9004,25223.0996,23536.3496,23971.1504,23971.1504,760600.0
2020-03-13,9107.59961,10159.4004,8555.15039,9955.2002,9955.2002,1388000.0,22720.75,25670.75,21351.6992,25166.4492,25166.4492,783400.0
2020-03-16,9587.799809999999,9602.2002,9165.09961,9197.40039,9197.40039,897700.0,24061.5996,24074.1504,23008.25,23101.1504,23101.1504,481900.0
2020-03-17,9285.40039,9403.799809999999,8915.59961,8967.049809999999,8967.049809999999,935600.0,23348.0508,23449.5,22002.0,22155.1504,22155.1504,537700.0
2020-03-18,9088.4502,9127.549809999999,8407.049809999999,8468.799809999999,8468.799809999999,1516600.0,22411.8496,22544.0508,20267.9492,20580.1992,20580.1992,875300.0
2020-03-19,8063.2998099999995,8575.4502,7832.5498099999995,8263.4502,8263.4502,925700.0,19428.9492,21035.0508,18675.6504,20083.5,20083.5,476600.0
2020-03-20,8284.4502,8883.0,8178.2002,8745.4502,8745.4502,1071500.0,19898.3008,20924.5508,19265.0,20317.5996,20317.5996,501800.0
2020-03-23,7945.7002,8159.25,7583.6001,7610.25,7610.25,653500.0,18311.3008,18895.6504,16791.0508,16917.6504,16917.6504,307600.0
2020-03-24,7848.2998099999995,8036.9502,7511.1001,7801.0498099999995,7801.0498099999995,738400.0,17705.8496,17841.4004,16116.25,17107.3008,17107.3008,391700.0
2020-03-25,7735.1499,8376.75,7714.75,8317.84961,8317.84961,736900.0,16759.9492,18740.1992,16635.5,18481.0508,18481.0508,394600.0
2020-03-26,8451.0,8749.049809999999,8304.90039,8641.4502,8641.4502,865600.0,18781.8496,20409.3496,18364.5,19613.9004,19613.9004,482900.0
2020-03-27,8949.09961,9038.90039,8522.90039,8660.25,8660.25,801500.0,20801.5996,21462.4004,19580.0996,19969.0,19969.0,539400.0
2020-03-30,8385.9502,8576.0,8244.0,8281.09961,8281.09961,593300.0,19254.4492,19716.25,18668.6992,18782.4004,18782.4004,327000.0
2020-03-31,8529.34961,8678.299809999999,8358.0,8597.75,8597.75,712700.0,19307.6504,19466.3008,18792.4004,19144.0,19144.0,309800.0
2020-04-01,8584.09961,8588.09961,8198.34961,8253.799809999999,8253.799809999999,506300.0,19122.4004,19154.75,18042.25,18208.3496,18208.3496,274900.0
2020-04-03,8356.549809999999,8356.549809999999,8055.7998099999995,8083.7998099999995,8083.7998099999995,697000.0,18325.0508,18326.0996,17143.1992,17249.3008,17249.3008,342500.0
2020-04-07,8446.299809999999,8819.40039,8360.9502,8792.2002,8792.2002,814200.0,18454.5508,19190.5508,17953.75,19062.5,19062.5,435400.0
2020-04-08,8688.90039,9131.7002,8653.90039,8748.75,8748.75,896500.0,18799.4004,20324.0996,18482.9004,18946.4492,18946.4492,508400.0
2020-04-09,8973.049809999999,9128.34961,8904.549809999999,9111.90039,9111.90039,742100.0,19553.1504,19988.3008,19166.9004,19913.5996,19913.5996,390000.0
2020-04-13,9103.9502,9112.049809999999,8912.40039,8993.84961,8993.84961,644000.0,19854.9004,19887.0508,19294.0,19488.0,19488.0,288200.0
2020-04-15,9196.40039,9261.2002,8874.09961,8925.299809999999,8925.299809999999,879100.0,20096.3496,20184.0996,18776.75,19057.0508,19057.0508,389900.0
2020-04-16,8851.25,9053.75,8821.90039,8992.799809999999,8992.799809999999,719400.0,18957.1504,19520.3008,18703.4492,19400.0,19400.0,350300.0
2020-04-17,9323.4502,9324.0,9091.34961,9266.75,9266.75,684200.0,20394.75,20866.5508,19729.3008,20681.4492,20681.4492,475000.0
2020-04-20,9390.2002,9390.84961,9230.799809999999,9261.84961,9261.84961,726400.0,21104.6992,21122.0996,20444.25,20522.6504,20522.6504,438600.0
2020-04-21,9016.9502,9044.40039,8909.40039,8981.4502,8981.4502,655100.0,19812.0508,19891.4492,19247.9492,19409.3496,19409.3496,311900.0
2020-04-22,9026.75,9209.75,8946.25,9187.299809999999,9187.299809999999,734400.0,19306.9492,19806.3496,19051.9492,19701.8496,19701.8496,349400.0
2020-04-23,9232.34961,9343.59961,9170.15039,9313.90039,9313.90039,666700.0,19871.3496,20356.5,19584.4004,20267.9492,20267.9492,325400.0
2020-04-24,9163.90039,9296.90039,9141.299809999999,9154.40039,9154.40039,659400.0,19697.6504,19950.1504,19515.4004,19586.6504,19586.6504,305700.0
2020-04-27,9259.7002,9377.09961,9250.34961,9282.299809999999,9282.299809999999,512800.0,19870.8008,20224.75,19847.6504,20081.1504,20081.1504,299900.0
2020-04-28,9389.799809999999,9404.40039,9260.0,9380.90039,9380.90039,614500.0,20436.5996,20751.3008,20260.8008,20671.0996,20671.0996,367800.0
2020-04-29,9408.59961,9599.84961,9392.34961,9553.34961,9553.34961,653000.0,20440.4004,21348.1504,20393.6504,21090.1992,21090.1992,400600.0
2020-04-30,9753.5,9889.049809999999,9731.5,9859.90039,9859.90039,931200.0,21589.1992,21967.0,21353.6504,21534.5,21534.5,471500.0
2020-05-04,9533.5,9533.5,9266.9502,9293.5,9293.5,687500.0,20514.75,20530.4492,19643.5996,19743.75,19743.75,328800.0
2020-05-05,9429.40039,9450.90039,9190.75,9205.59961,9205.59961,725200.0,20147.3008,20223.1504,19212.3496,19271.75,19271.75,381300.0
2020-05-06,9226.799809999999,9346.90039,9116.5,9270.90039,9270.90039,722200.0,19302.4492,19806.5996,18941.0,19694.5508,19694.5508,395600.0
2020-05-07,9234.049809999999,9277.84961,9175.90039,9199.049809999999,9199.049809999999,708700.0,19536.0508,19757.25,19332.1504,19491.8008,19491.8008,300100.0
2020-05-08,9376.9502,9382.65039,9238.2002,9251.5,9251.5,609100.0,19844.0,19969.5996,19285.0508,19352.9004,19352.9004,0.0
2020-05-11,9348.15039,9439.90039,9219.9502,9239.2002,9239.2002,704600.0,19610.4492,19733.4004,18900.9004,18950.5,18950.5,342600.0
2020-05-12,9168.84961,9240.84961,9043.9502,9196.549809999999,9196.549809999999,805500.0,18751.4004,18993.4004,18287.0,18862.8496,18862.8496,395400.0
2020-05-13,9584.2002,9584.5,9351.09961,9383.549809999999,9383.549809999999,846400.0,20017.75,20122.25,19429.9004,19634.9492,19634.9492,520800.0
2020-05-14,9213.9502,9281.09961,9119.75,9142.75,9142.75,602600.0,19197.6992,19380.0996,19024.75,19068.5,19068.5,333000.0
2020-05-15,9182.40039,9182.40039,9050.0,9136.84961,9136.84961,575900.0,19098.8008,19119.0996,18683.6504,18833.9492,18833.9492,240600.0
2020-05-18,9158.299809999999,9158.299809999999,8806.75,8823.25,8823.25,773000.0,18795.0996,18795.0996,17514.1992,17573.1992,17573.1992,434800.0
2020-05-19,8961.7002,9030.34961,8855.299809999999,8879.09961,8879.09961,762200.0,18037.1504,18175.3008,17390.6504,17486.25,17486.25,415500.0
2020-05-20,8889.15039,9093.799809999999,8875.34961,9066.549809999999,9066.549809999999,622300.0,17486.5,18002.6504,17407.6992,17840.1992,17840.1992,326200.0
2020-05-21,9079.4502,9178.549809999999,9056.09961,9106.25,9106.25,631500.0,17901.9492,18200.6992,17658.5508,17735.0996,17735.0996,347600.0
2020-05-22,9067.90039,9149.59961,8968.549809999999,9039.25,9039.25,675800.0,17554.25,17952.25,17105.0,17278.9004,17278.9004,484800.0
2020-05-26,9099.75,9161.65039,8996.65039,9029.049809999999,9029.049809999999,655000.0,17537.6504,17681.6992,17311.25,17440.3496,17440.3496,336800.0
2020-05-27,9082.2002,9334.0,9004.25,9314.9502,9314.9502,763500.0,17603.4004,18874.25,17560.3496,18710.5508,18710.5508,538000.0
2020-05-28,9364.9502,9511.25,9336.5,9490.09961,9490.09961,837900.0,18924.4492,19455.5508,18818.9492,19169.8008,19169.8008,561100.0
2020-05-29,9422.2002,9598.84961,9376.90039,9580.299809999999,9580.299809999999,967000.0,18962.0,19358.0508,18729.9004,19297.25,19297.25,581700.0
2020-06-01,9726.84961,9931.59961,9706.9502,9826.15039,9826.15039,794200.0,19728.9004,20225.3496,19632.9004,19959.9004,19959.9004,558100.0
2020-06-02,9880.84961,9995.59961,9824.049809999999,9979.09961,9979.09961,770200.0,20120.5996,20615.75,19852.5508,20530.1992,20530.1992,448300.0
2020-06-03,10108.2998,10176.2002,10035.5498,10061.5498,10061.5498,794700.0,20966.5996,21619.5508,20822.0,20940.6992,20940.6992,616900.0
2020-06-04,10054.25,10123.8496,9944.25,10029.0996,10029.0996,775100.0,20932.3496,21141.8008,20316.1992,20390.4492,20390.4492,587900.0
2020-06-05,10093.7998,10177.7998,10040.75,10142.1504,10142.1504,987100.0,20516.4004,21198.6992,20425.0508,21034.5,21034.5,637400.0
2020-06-08,10326.75,10328.5,10120.25,10167.4502,10167.4502,936500.0,21636.0996,21807.4004,20911.25,21187.3496,21187.3496,748100.0
2020-06-09,10181.1504,10291.1504,10021.4502,10046.6504,10046.6504,754200.0,21295.5,21568.8496,20629.6992,20724.9004,20724.9004,641200.0
2020-06-10,10072.5996,10148.75,10036.8496,10116.1504,10116.1504,632400.0,20760.9492,21251.4492,20671.5508,21100.0996,21100.0996,583000.0
2020-06-11,10094.0996,10112.0498,9885.049809999999,9902.0,9902.0,715500.0,21084.6992,21244.4492,20458.3008,20525.1504,20525.1504,747100.0
2020-06-12,9544.9502,9996.049809999999,9544.34961,9972.90039,9972.90039,796300.0,19529.3008,20747.6992,19526.0996,20654.5508,20654.5508,599200.0
2020-06-15,9919.34961,9943.34961,9726.34961,9813.7002,9813.7002,716100.0,20457.1504,20470.8496,19740.1992,19912.9004,19912.9004,0.0
2020-06-16,10014.7998,10046.1504,9728.5,9914.0,9914.0,899900.0,20500.6504,20638.8496,19507.0508,20296.6992,20296.6992,0.0
2020-06-17,9876.7002,10003.5996,9833.799809999999,9881.15039,9881.15039,685400.0,20137.4492,20627.9004,19978.1504,20201.75,20201.75,0.0
2020-06-18,9863.25,10111.2002,9845.049809999999,10091.6504,10091.6504,622900.0,20137.5996,21028.3496,20030.3496,20956.3008,20956.3008,0.0
2020-06-19,10119.0,10272.4004,10072.6504,10244.4004,10244.4004,892100.0,20970.0996,21467.6504,20878.25,21338.0996,21338.0996,0.0
2020-06-22,10318.75,10393.6504,10277.5996,10311.2002,10311.2002,685400.0,21491.5508,22078.25,21425.5508,21708.3496,21708.3496,664600.0
2020-06-23,10347.9502,10484.7002,10301.75,10471.0,10471.0,669200.0,21859.25,22322.3008,21647.8008,22264.9004,22264.9004,527900.0
2020-06-24,10529.25,10553.1504,10281.9502,10305.2998,10305.2998,854800.0,22479.3496,22479.5508,21336.3496,21426.8008,21426.8008,684600.0
2020-06-25,10235.5498,10361.7998,10194.5,10288.9004,10288.9004,994200.0,21218.0508,21703.5,20926.4492,21506.1504,21506.1504,586200.0
2020-06-26,10378.9004,10409.8496,10311.25,10383.0,10383.0,671900.0,21735.0508,21784.6504,21320.0996,21592.0508,21592.0508,375600.0
2020-06-29,10311.9502,10337.9502,10223.5996,10312.4004,10312.4004,574500.0,21291.5508,21440.0508,21026.4492,21359.0,21359.0,328000.0
2020-06-30,10382.5996,10401.0498,10267.3496,10302.0996,10302.0996,556200.0,21524.3008,21650.5,21212.0,21370.1504,21370.1504,292700.0
2020-07-01,10323.7998,10447.0498,10299.5996,10430.0498,10430.0498,573600.0,21354.0996,22061.5996,21281.8496,21977.5996,21977.5996,386000.0
2020-07-02,10493.0498,10598.2002,10485.5498,10551.7002,10551.7002,597400.0,22133.8008,22344.8496,21890.5,21953.1992,21953.1992,399000.0
2020-07-03,10614.9502,10631.2998,10562.6504,10607.3496,10607.3496,525200.0,22101.75,22130.3008,21768.0,21852.4004,21852.4004,256200.0
2020-07-06,10723.8496,10811.4004,10695.0996,10763.6504,10763.6504,571200.0,22270.9492,22399.25,22171.0508,22198.9492,22198.9492,290900.0
2020-07-07,10802.8496,10813.7998,10689.7002,10799.6504,10799.6504,636800.0,22254.3008,22674.5,22040.3496,22628.0,22628.0,455800.0
2020-07-08,10818.6504,10847.8496,10676.5498,10705.75,10705.75,767900.0,22700.9004,23080.5996,22499.5,22584.6504,22584.6504,673100.0
2020-07-09,10755.5498,10836.8496,10733.0,10813.4502,10813.4502,618700.0,22753.1504,22998.3008,22673.4004,22907.1992,22907.1992,356000.0
2020-07-10,10764.0996,10819.4004,10713.0,10768.0498,10768.0498,590700.0,22720.9492,22835.1992,22320.0508,22398.4492,22398.4492,457100.0
2020-07-13,10851.8496,10894.0498,10756.0498,10802.7002,10802.7002,554100.0,22613.25,22657.4004,21981.6504,22089.25,22089.25,293700.0
2020-07-14,10750.8496,10755.6504,10562.9004,10607.3496,10607.3496,532400.0,21877.5996,21909.6992,21222.4492,21392.1992,21392.1992,338500.0
2020-07-15,10701.0,10827.4502,10577.75,10618.2002,10618.2002,715900.0,21634.25,21935.5,21230.5508,21340.75,21340.75,359100.0
2020-07-16,10706.2002,10755.2998,10595.2002,10739.9502,10739.9502,694400.0,21453.25,21671.25,21027.8496,21597.1504,21597.1504,348600.0
2020-07-17,10752.0,10933.4502,10749.6504,10901.7002,10901.7002,676900.0,21608.0508,22065.0,21550.8008,21966.8008,21966.8008,294900.0
2020-07-20,10999.4502,11037.9004,10953.0,11022.2002,11022.2002,554300.0,22307.3008,22520.4492,22187.8008,22321.8496,22321.8496,349700.0
2020-07-21,11126.0996,11179.5498,11113.25,11162.25,11162.25,772000.0,22639.8496,22861.9004,22597.9492,22782.0,22782.0,316700.0
2020-07-22,11231.2002,11238.0996,11056.5498,11132.5996,11132.5996,765100.0,23159.0,23211.3496,22658.1992,22882.5996,22882.5996,412700.0
2020-07-23,11135.0,11239.7998,11103.1504,11215.4502,11215.4502,621600.0,22854.8496,23122.3496,22734.9004,23083.9004,23083.9004,307600.0
2020-07-24,11149.9502,11225.4004,11090.2998,11194.1504,11194.1504,678900.0,22853.1992,22854.0508,22417.1992,22662.0508,22662.0508,436300.0
2020-07-27,11225.0,11225.0,11087.8496,11131.7998,11131.7998,588100.0,22664.5996,22668.0508,21801.3496,21848.75,21848.75,340900.0
2020-07-28,11154.0996,11317.75,11151.4004,11300.5498,11300.5498,683900.0,21940.1504,22233.0,21611.4004,22105.1992,22105.1992,379800.0
2020-07-29,11276.9004,11341.4004,11149.75,11202.8496,11202.8496,600700.0,22075.0,22346.4004,21906.3496,22076.5996,22076.5996,400400.0
2020-07-30,11254.2998,11299.9502,11084.9502,11102.1504,11102.1504,677800.0,22195.0508,22252.5996,21580.1504,21646.8496,21646.8496,299600.0
2020-07-31,11139.5,11150.4004,11026.6504,11073.4502,11073.4502,642600.0,21730.5508,21806.9492,21375.0,21640.0508,21640.0508,397300.0
2020-08-03,11057.5498,11058.0498,10882.25,10891.5996,10891.5996,680900.0,21543.8008,21543.8008,21031.4492,21072.0996,21072.0996,431000.0
2020-08-04,10946.6504,11112.25,10908.0996,11095.25,11095.25,625700.0,21248.25,21576.3496,21057.75,21490.5,21490.5,0.0
2020-08-05,11155.75,11225.6504,11064.0498,11101.6504,11101.6504,667600.0,21686.8496,21936.5,21448.4004,21509.9492,21509.9492,338800.0
2020-08-06,11185.7002,11256.7998,11127.2998,11200.1504,11200.1504,600400.0,21644.25,21926.5508,21370.3008,21642.5996,21642.5996,386600.0
2020-08-07,11186.6504,11231.9004,11142.0498,11214.0498,11214.0498,452600.0,21620.25,21787.25,21451.3008,21754.0,21754.0,378600.0
2020-08-10,11270.25,11337.2998,11238.0,11270.1504,11270.1504,492000.0,21824.9004,22071.9492,21795.0996,21900.25,21900.25,261800.0
2020-08-11,11322.25,11373.5996,11299.1504,11322.5,11322.5,586100.0,22050.1992,22277.5996,22039.8496,22227.1992,22227.1992,377900.0
2020-08-12,11289.0,11322.0,11242.6504,11308.4004,11308.4004,609900.0,22135.9492,22326.5508,21990.1992,22264.0,22264.0,507500.0
2020-08-13,11334.8496,11359.2998,11269.9502,11300.4502,11300.4502,562400.0,22395.1992,22439.9492,22139.5996,22196.3496,22196.3496,289100.0
2020-08-14,11353.2998,11366.25,11111.4502,11178.4004,11178.4004,645100.0,22334.9492,22334.9492,21459.0996,21679.4004,21679.4004,318800.0
2020-08-17,11248.9004,11267.0996,11144.5,11247.0996,11247.0996,634000.0,21906.9492,21909.4004,21403.1504,21700.8496,21700.8496,263400.0
2020-08-18,11259.7998,11401.7002,11253.1504,11385.3496,11385.3496,579200.0,21702.0,22227.75,21629.4004,22170.5996,22170.5996,0.0
2020-08-19,11452.1504,11460.3496,11394.0996,11408.4004,11408.4004,626200.0,22315.4004,22419.3496,22234.25,22285.9004,22285.9004,0.0
2020-08-20,11317.4502,11361.4502,11289.7998,11312.2002,11312.2002,791600.0,21989.9004,22079.9004,21886.6992,21999.4492,21999.4492,0.0
2020-08-21,11409.6504,11418.5,11362.2002,11371.5996,11371.5996,668700.0,22190.6992,22344.0508,22165.0508,22299.5996,22299.5996,0.0
2020-08-24,11412.0,11497.25,11410.6504,11466.4502,11466.4502,532900.0,22436.8496,22897.5,22410.0508,22833.0,22833.0,0.0
2020-08-25,11513.0996,11525.9004,11423.3496,11472.25,11472.25,638200.0,22973.4004,23180.3008,22857.9004,23092.1504,23092.1504,0.0
2020-08-26,11512.8496,11561.75,11461.8496,11549.5996,11549.5996,743400.0,23175.5508,23453.4004,23093.1504,23414.1992,23414.1992,0.0
2020-08-27,11609.2998,11617.3496,11540.5996,11559.25,11559.25,719800.0,23511.4492,23704.0508,23464.1504,23600.3496,23600.3496,0.0
2020-08-28,11602.9502,11686.0498,11589.4004,11647.5996,11647.5996,807000.0,23635.3008,24611.8008,23599.1992,24523.8008,24523.8008,0.0
2020-08-31,11777.5498,11794.25,11325.8496,11387.5,11387.5,1371800.0,25038.8008,25232.5996,23385.3008,23754.3496,23754.3496,0.0
2020-09-01,11464.2998,11553.5498,11366.9004,11470.25,11470.25,783800.0,23893.8008,24199.6504,23473.1504,23812.0,23812.0,0.0
2020-09-02,11478.5498,11554.75,11430.4004,11535.0,11535.0,593500.0,23769.0,23926.1504,23482.5508,23874.5508,23874.5508,0.0
2020-09-03,11566.2002,11584.9502,11507.6504,11527.4502,11527.4502,607100.0,23986.1504,24051.5996,23451.6504,23530.8496,23530.8496,0.0
2020-09-04,11354.4004,11452.0498,11303.6504,11333.8496,11333.8496,681300.0,23119.1504,23394.8008,22876.9004,23011.5,23011.5,0.0
2020-09-07,11359.5996,11381.1504,11251.7002,11355.0498,11355.0498,560300.0,23036.25,23109.0996,22716.25,22945.0508,22945.0508,245300.0
2020-09-08,11378.5498,11437.25,11290.4502,11317.3496,11317.3496,572200.0,22971.1992,23064.1504,22641.4004,22744.4004,22744.4004,0.0
2020-09-09,11218.5996,11298.1504,11185.1504,11278.0,11278.0,728900.0,22486.6992,22554.5996,22080.4004,22267.0,22267.0,0.0
2020-09-10,11363.2998,11464.0498,11327.4004,11449.25,11449.25,679400.0,22466.5508,22678.6504,22225.25,22466.1992,22466.1992,0.0
2020-09-11,11447.7998,11493.5,11419.9004,11464.4502,11464.4502,554800.0,22509.9492,22668.75,22205.9492,22479.9492,22479.9492,0.0
2020-09-14,11540.1504,11568.9004,11383.5498,11440.0498,11440.0498,642300.0,22683.3496,22757.3008,22028.1504,22101.25,22101.25,0.0
2020-09-15,11487.2002,11535.9502,11442.25,11521.7998,11521.7998,506700.0,22202.8008,22514.1504,22062.3496,22465.6504,22465.6504,0.0
2020-09-16,11538.4502,11618.0996,11516.75,11604.5498,11604.5498,527800.0,22476.3008,22659.4004,22216.5,22573.5508,22573.5508,0.0
2020-09-17,11539.4004,11587.2002,11498.5,11516.0996,11516.0996,0.0,22352.0,22504.4492,22267.0508,22320.3496,22320.3496,0.0
2020-09-18,11584.0996,11584.0996,11446.0996,11504.9502,11504.9502,764200.0,22439.3496,22469.4004,21784.9004,22031.0508,22031.0508,0.0
2020-09-21,11503.7998,11535.25,11218.5,11250.5498,11250.5498,602900.0,21983.4004,22098.8496,21274.3008,21366.8008,21366.8008,0.0
2020-09-22,11301.75,11302.2002,11084.6504,11153.6504,11153.6504,672200.0,21445.25,21473.3496,20958.4492,21139.0996,21139.0996,0.0
2020-09-23,11258.75,11259.5498,11024.4004,11131.8496,11131.8496,714900.0,21350.8008,21365.0508,20821.0,21178.5,21178.5,0.0
2020-09-24,11011.0,11015.2998,10790.2002,10805.5498,10805.5498,706100.0,20898.8008,20955.5996,20404.9004,20456.8496,20456.8496,0.0
2020-09-25,10910.4004,11072.5996,10854.8496,11050.25,11050.25,559600.0,20740.8008,21064.3008,20430.6992,20982.3496,20982.3496,0.0
2020-09-28,11140.8496,11239.3496,11099.8496,11227.5498,11227.5498,472800.0,21152.0508,21708.8496,21055.0996,21665.5,21665.5,0.0
2020-09-29,11288.5996,11305.4004,11181.0,11222.4004,11222.4004,498300.0,21770.9004,21811.5,21280.5996,21411.3008,21411.3008,0.0
2020-09-30,11244.4502,11295.4004,11184.5498,11247.5498,11247.5498,499300.0,21405.25,21549.3496,21128.5,21451.8008,21451.8008,0.0
2020-10-01,11364.4502,11428.5996,11347.0498,11416.9502,11416.9502,447700.0,21685.25,22293.75,21664.1504,22246.0,22246.0,0.0
2020-10-05,11487.7998,11578.0498,11452.2998,11503.3496,11503.3496,530600.0,22352.0996,22768.5508,22247.25,22370.9492,22370.9492,0.0
2020-10-06,11603.4502,11680.2998,11564.2998,11662.4004,11662.4004,561400.0,22673.0508,22893.5,22521.0508,22853.6992,22853.6992,0.0
2020-10-07,11679.25,11763.0498,11629.3496,11738.8496,11738.8496,513400.0,22836.9492,23036.1992,22607.8008,22964.8008,22964.8008,0.0
2020-10-08,11835.4004,11905.7002,11791.1504,11834.5996,11834.5996,608800.0,23150.25,23450.9004,23063.5996,23191.3496,23191.3496,0.0
2020-10-09,11852.0498,11938.5996,11805.2002,11914.2002,11914.2002,611100.0,23312.5996,23904.0996,23132.4492,23846.8008,23846.8008,0.0
2020-10-12,11973.5498,12022.0498,11867.2002,11930.9502,11930.9502,522600.0,23955.5996,24190.3496,23552.5996,23712.8008,23712.8008,0.0
2020-10-13,11934.6504,11988.2002,11888.9004,11934.5,11934.5,458300.0,23663.0508,23775.1504,23431.5,23492.1992,23492.1992,0.0
2020-10-14,11917.4004,11997.2002,11822.1504,11971.0498,11971.0498,569200.0,23353.1504,23962.6992,23149.4492,23874.6504,23874.6504,0.0
2020-10-15,12023.4502,12025.4502,11661.2998,11680.3496,11680.3496,608900.0,23920.3496,24087.8496,22970.9492,23072.4004,23072.4004,0.0
2020-10-16,11727.4004,11789.75,11667.8496,11762.4502,11762.4502,555800.0,23219.8496,23646.1992,23148.9492,23533.25,23533.25,0.0
2020-10-19,11879.2002,11898.25,11820.4004,11873.0498,11873.0498,541400.0,23902.9004,24320.9492,23754.8496,24266.75,24266.75,0.0
2020-10-20,11861.0,11949.25,11837.25,11896.7998,11896.7998,453600.0,24117.3496,24410.9004,24039.8496,24311.8008,24311.8008,0.0
2020-10-21,11958.5498,12018.6504,11775.75,11937.6504,11937.6504,623700.0,24444.1992,24823.5996,24099.8496,24635.0508,24635.0508,0.0
2020-10-22,11890.0,11939.5498,11823.4502,11896.4502,11896.4502,544900.0,24447.3496,24691.1504,24250.1992,24484.1504,24484.1504,0.0
2020-10-23,11957.9004,11974.5498,11908.75,11930.3496,11930.3496,502300.0,24669.1992,24764.1504,24360.8496,24478.3008,24478.3008,0.0
2020-10-26,11937.4004,11942.8496,11711.7002,11767.75,11767.75,519800.0,24525.8008,24577.3008,23867.75,24075.4492,24075.4492,0.0
2020-10-27,11807.0996,11899.0498,11723.0,11889.4004,11889.4004,616300.0,24288.0508,24809.6504,23924.1992,24769.5,24769.5,0.0
2020-10-28,11922.5996,11929.4004,11684.8496,11729.5996,11729.5996,704000.0,24737.8496,24780.6992,24057.9492,24232.5,24232.5,0.0
2020-10-29,11633.2998,11744.1504,11606.4502,11670.7998,11670.7998,555000.0,24063.5,24339.0996,23822.0508,24092.0,24092.0,0.0
2020-10-30,11678.4502,11748.9502,11535.4502,11642.4004,11642.4004,553700.0,24090.1504,24277.3496,23612.6992,23900.9004,23900.9004,0.0
2020-11-02,11697.3496,11725.6504,11557.4004,11669.1504,11669.1504,568400.0,24367.5996,25139.0,24120.5996,24892.5,24892.5,0.0
2020-11-03,11734.4502,11836.2002,11723.2998,11813.5,11813.5,674300.0,25108.0,25760.6992,25085.6992,25682.8008,25682.8008,0.0
2020-11-04,11783.3496,11929.6504,11756.4004,11908.5,11908.5,667300.0,25539.5508,25891.0,25142.0,25771.5996,25771.5996,0.0
2020-11-05,12062.4004,12131.0996,12027.5996,12120.2998,12120.2998,632500.0,26174.8008,26375.1992,26000.0508,26313.0996,26313.0996,0.0
2020-11-06,12156.6504,12280.4004,12131.8496,12263.5498,12263.5498,576800.0,26274.0996,26853.4492,26135.3008,26798.9492,26798.9492,0.0
2020-11-09,12399.4004,12474.0498,12367.3496,12461.0498,12461.0498,553400.0,27088.9492,27595.0,27068.9492,27534.0996,27534.0996,0.0
2020-11-10,12556.4004,12643.9004,12475.25,12631.0996,12631.0996,847500.0,28039.4492,28802.5,27916.9004,28606.0,28606.0,0.0
2020-11-11,12680.5996,12769.75,12571.0996,12749.1504,12749.1504,880500.0,28713.1504,29030.9004,28211.0996,28845.0,28845.0,0.0
2020-11-12,12702.1504,12741.1504,12624.8496,12690.7998,12690.7998,622000.0,28633.75,28672.9004,28066.0508,28278.8008,28278.8008,0.0
2020-11-13,12659.7002,12735.9502,12607.7002,12719.9502,12719.9502,513900.0,28108.6992,28520.5508,27703.3008,28465.6992,28465.6992,0.0
2020-11-14,,,,,,,,,,,,
2020-11-17,12932.5,12934.0498,12797.0996,12874.2002,12874.2002,707700.0,28792.25,29239.25,28722.9004,29181.3008,29181.3008,0.0
2020-11-18,12860.0996,12948.8496,12819.3496,12938.25,12938.25,731300.0,29107.9004,29784.75,29056.75,29749.8496,29749.8496,0.0
2020-11-19,12839.5,12963.0,12745.75,12771.7002,12771.7002,768800.0,29302.5996,29627.1992,28819.5508,28903.0508,28903.0508,0.0
2020-11-20,12813.4004,12892.4502,12730.25,12859.0498,12859.0498,664000.0,28935.75,29406.6992,28580.9004,29236.0,29236.0,0.0
2020-11-23,12960.2998,12968.8496,12825.7002,12926.4502,12926.4502,633100.0,29432.8008,29492.3008,28852.9004,29024.1992,29024.1992,0.0
2020-11-24,13002.5996,13079.0996,12978.0,13055.1504,13055.1504,571900.0,29265.5996,29827.8008,29206.75,29737.25,29737.25,0.0
2020-11-25,13130.0,13145.8496,12833.6504,12858.4004,12858.4004,679000.0,30021.9004,30197.8496,29132.3008,29196.4004,29196.4004,0.0
2020-11-26,12906.4502,13018.0,12790.4004,12987.0,12987.0,549800.0,29370.4004,29623.0,28923.0996,29549.75,29549.75,369400.0
2020-11-27,13012.0498,13035.2998,12914.2998,12968.9502,12968.9502,1162400.0,29622.0,29716.8496,29368.6992,29609.0508,29609.0508,0.0
2020-12-01,13062.2002,13128.4004,12962.7998,13109.0498,13109.0498,583600.0,29844.8008,29919.75,29511.0,29817.8496,29817.8496,0.0
2020-12-02,13121.4004,13128.5,12983.5498,13113.75,13113.75,717700.0,29876.6992,29886.25,29149.9004,29463.1504,29463.1504,0.0
2020-12-03,13215.2998,13216.5996,13107.9004,13133.9004,13133.9004,713700.0,29728.9004,29813.0,29379.4004,29448.75,29448.75,0.0
2020-12-04,13177.4004,13280.0498,13152.8496,13258.5498,13258.5498,640500.0,29573.4004,30162.3008,29473.5,30052.4004,30052.4004,0.0
2020-12-07,13264.8496,13366.6504,13241.9502,13355.75,13355.75,591700.0,30062.5996,30354.1992,29950.5996,30211.5508,30211.5508,0.0
2020-12-08,13393.8496,13435.4502,13311.0498,13392.9502,13392.9502,543200.0,30300.3008,30363.8008,30025.1992,30261.9004,30261.9004,0.0
2020-12-09,13458.0996,13548.9004,13449.5996,13529.0996,13529.0996,502600.0,30335.0508,30807.25,30326.6992,30709.4004,30709.4004,0.0
2020-12-10,13488.5,13503.5498,13399.2998,13478.2998,13478.2998,553400.0,30545.3496,30610.0,30202.0996,30510.3496,30510.3496,0.0
2020-12-11,13512.2998,13579.3496,13402.8496,13513.8496,13513.8496,787700.0,30555.3008,30811.8008,30328.4492,30604.8496,30604.8496,0.0
2020-12-14,13571.4502,13597.5,13472.4502,13558.1504,13558.1504,558400.0,30735.1504,30845.8008,30624.25,30745.9004,30745.9004,269000.0
2020-12-15,13547.2002,13589.6504,13447.0498,13567.8496,13567.8496,497600.0,30805.4004,30805.8496,30345.75,30691.0508,30691.0508,279400.0
2020-12-16,13663.0996,13692.3496,13606.4502,13682.7002,13682.7002,462200.0,30920.3496,30932.25,30587.0996,30698.4004,30698.4004,0.0
2020-12-17,13713.5498,13773.25,13673.5498,13740.7002,13740.7002,416000.0,30791.1992,30945.1992,30643.9004,30847.0508,30847.0508,0.0
2020-12-18,13764.4004,13772.8496,13658.5996,13760.5498,13760.5498,519400.0,30841.8496,30854.0508,30374.5,30714.6504,30714.6504,0.0
2020-12-21,13741.9004,13777.5,13131.4502,13328.4004,13328.4004,687300.0,30595.8008,30607.5,29201.1992,29456.4492,29456.4492,0.0
2020-12-22,13373.6504,13492.0498,13192.9004,13466.2998,13466.2998,696200.0,29607.5,29711.1504,28976.75,29625.9492,29625.9492,0.0
2020-12-23,13473.5,13619.4502,13432.2002,13601.0996,13601.0996,458700.0,29560.75,29941.4004,29446.0,29883.3008,29883.3008,0.0
2020-12-24,13672.1504,13771.75,13626.9004,13749.25,13749.25,471400.0,30071.6504,30545.8496,30007.8008,30402.1992,30402.1992,0.0
2020-12-28,13815.1504,13885.2998,13811.5498,13873.2002,13873.2002,403600.0,30558.8496,30929.0508,30538.1504,30880.9492,30880.9492,0.0
2020-12-29,13910.3496,13967.5996,13859.9004,13932.5996,13932.5996,439600.0,31006.9004,31359.3496,31002.5996,31322.5,31322.5,0.0
2020-12-30,13980.9004,13997.0,13864.9502,13981.9502,13981.9502,380700.0,31479.8008,31510.25,31007.1504,31303.0508,31303.0508,0.0
2020-12-31,13970.0,14024.8496,13936.4502,13981.75,13981.75,452400.0,31295.9004,31409.5,31088.0996,31264.0508,31264.0508,0.0
2021-01-01,,,,,,,,,,,,
2021-01-04,14104.3496,14147.9502,13953.75,14132.9004,14132.9004,495000.0,31485.1504,31489.5996,30893.6504,31212.4492,31212.4492,0.0
2021-01-05,14075.1504,14215.5996,14048.1504,14199.5,14199.5,492500.0,31041.0996,31767.6504,30935.5508,31722.25,31722.25,0.0
2021-01-06,14240.9502,14244.1504,14039.9004,14146.25,14146.25,632300.0,31839.9492,31982.3008,31548.1504,31797.9004,31797.9004,0.0
2021-01-07,14253.75,14256.25,14123.0996,14137.3496,14137.3496,559200.0,32129.8008,32177.4004,31911.5,31956.0,31956.0,0.0
2021-01-08,14258.4004,14367.2998,14221.6504,14347.25,14347.25,613500.0,32298.0508,32298.0508,32002.9492,32084.1992,32084.1992,0.0
2021-01-11,14474.0498,14498.2002,14383.0996,14484.75,14484.75,672900.0,32280.3008,32288.4492,31836.9492,31998.9004,31998.9004,0.0
2021-01-12,14473.7998,14590.6504,14432.8496,14563.4502,14563.4502,929600.0,31835.0508,32397.9492,31725.8496,32339.0,32339.0,0.0
2021-01-13,14639.7998,14653.3496,14435.7002,14564.8496,14564.8496,874000.0,32546.5996,32683.5,32148.25,32574.6504,32574.6504,0.0
2021-01-14,14550.0498,14617.7998,14471.5,14595.5996,14595.5996,620200.0,32526.6992,32718.9492,32442.3496,32519.75,32519.75,0.0
2021-01-15,14594.3496,14617.4502,14357.8496,14433.7002,14433.7002,789600.0,32508.9004,32544.8008,32044.3496,32246.8008,32246.8008,0.0
2021-01-18,14453.2998,14459.1504,14222.7998,14281.2998,14281.2998,762000.0,32275.1504,32441.5,31650.9004,31811.75,31811.75,396800.0
2021-01-19,14371.6504,14546.0498,14350.8496,14521.1504,14521.1504,546100.0,32082.9004,32464.9492,31863.9492,32424.8496,32424.8496,354800.0
2021-01-20,14538.2998,14666.4502,14517.5498,14644.7002,14644.7002,623100.0,32388.9492,32607.4492,32322.9004,32543.6992,32543.6992,0.0
2021-01-21,14730.9502,14753.5498,14517.25,14590.3496,14590.3496,704600.0,32732.8008,32842.3008,31985.5508,32186.9004,32186.9004,0.0
2021-01-22,14583.4004,14619.9004,14357.75,14371.9004,14371.9004,776800.0,32088.0,32131.4004,31119.9004,31167.25,31167.25,0.0
2021-01-25,14477.7998,14491.0996,14218.5996,14238.9004,14238.9004,618600.0,31507.1504,31697.5508,31013.6504,31198.4004,31198.4004,0.0
2021-01-27,14237.9502,14237.9502,13929.2998,13967.5,13967.5,660700.0,31236.25,31287.0508,30165.6504,30284.5508,30284.5508,0.0
2021-01-28,13810.4004,13898.25,13713.25,13817.5498,13817.5498,637900.0,29812.3008,30464.4004,29687.6992,30358.3008,30358.3008,0.0
2021-01-29,13946.5996,13966.8496,13596.75,13634.5996,13634.5996,753200.0,30700.6504,31111.9492,30254.5508,30565.5,30565.5,0.0
2021-02-01,13758.5996,14336.3496,13661.75,14281.2002,14281.2002,870500.0,30976.3496,33305.3008,30906.4492,33089.0508,33089.0508,0.0
2021-02-02,14481.0996,14731.7002,14469.1504,14647.8496,14647.8496,915000.0,33589.0508,34652.5,33583.1484,34267.8984,34267.8984,672200.0
2021-02-03,14754.9004,14868.8496,14574.1504,14789.9502,14789.9502,869500.0,34555.6016,34908.0508,34011.8984,34758.4492,34758.4492,605200.0
2021-02-04,14789.0498,14913.7002,14714.75,14895.6504,14895.6504,884700.0,34548.8984,35413.1484,34238.8984,35344.8008,35344.8008,0.0
2021-02-05,14952.5996,15014.6504,14864.75,14924.25,14924.25,935600.0,35634.9492,36615.1992,35545.0,35654.5,35654.5,0.0
2021-02-08,15064.2998,15159.9004,15041.0498,15115.7998,15115.7998,671200.0,36073.8516,36466.4492,35872.25,35983.6484,35983.6484,0.0
2021-02-09,15164.1504,15257.0996,15064.2998,15109.2998,15109.2998,713300.0,36058.8008,36477.1484,35636.8516,36056.5,36056.5,0.0
2021-02-10,15119.0498,15168.25,14977.2002,15106.5,15106.5,624800.0,36042.3516,36227.1992,35428.1484,35783.1016,35783.1016,0.0
2021-02-11,15073.25,15188.5,15065.4004,15173.2998,15173.2998,500100.0,35687.25,36009.4492,35573.3008,35752.1016,35752.1016,0.0
2021-02-12,15186.2002,15243.5,15081.0,15163.2998,15163.2998,571800.0,35736.6016,36322.8008,35700.25,36108.8984,36108.8984,0.0
2021-02-15,15270.2998,15340.1504,15243.4004,15314.7002,15314.7002,456000.0,36501.3984,37449.8984,36405.1016,37306.25,37306.25,0.0
2021-02-16,15371.4502,15431.75,15242.2002,15313.4502,15313.4502,648500.0,37492.6016,37708.75,36762.75,37098.3984,37098.3984,0.0
2021-02-17,15279.9004,15314.2998,15170.75,15208.9004,15208.9004,504800.0,37041.9492,37331.4492,36764.25,36910.9492,36910.9492,0.0
2021-02-18,15238.7002,15250.75,15078.0498,15118.9502,15118.9502,770600.0,37088.75,37108.75,36367.4492,36587.0,36587.0,0.0
2021-02-19,15074.7998,15144.0498,14898.2002,14981.75,14981.75,712200.0,36371.5508,36656.1992,35584.6016,35841.6016,35841.6016,0.0
2021-02-22,14999.0498,15010.0996,14635.0498,14675.7002,14675.7002,609900.0,35874.3008,36128.8984,35097.5508,35257.1992,35257.1992,0.0
2021-02-23,14782.25,14854.5,14651.8496,14707.7998,14707.7998,744100.0,35540.5508,35680.8516,34976.0,35116.9492,35116.9492,0.0
2021-02-24,14729.1504,15008.7998,14504.5,14982.0,14982.0,403800.0,35205.3984,36567.6484,35060.6484,36452.3008,36452.3008,272900.0
2021-02-25,15079.8496,15176.5,15065.3496,15097.3496,15097.3496,803900.0,36763.1484,37232.1992,36494.0,36549.0,36549.0,455900.0
2021-02-26,14888.5996,14919.4502,14467.75,14529.1504,14529.1504,1103600.0,35806.6484,35902.8984,34658.6992,34803.6016,34803.6016,0.0
2021-03-01,14702.5,14806.7998,14638.5498,14761.5498,14761.5498,507300.0,35374.25,35581.1016,34983.75,35296.0,35296.0,0.0
2021-03-02,14865.2998,14959.0996,14760.7998,14919.0996,14919.0996,621700.0,35458.1484,35747.0508,35002.4492,35419.6992,35419.6992,0.0
2021-03-03,15064.4004,15273.1504,14995.7998,15245.5996,15245.5996,544200.0,35754.4492,36455.1484,35570.5508,36368.0508,36368.0508,0.0
2021-03-04,15026.75,15202.3496,14980.2002,15080.75,15080.75,534900.0,35575.6484,36316.3984,35519.25,35802.5,35802.5,0.0
2021-03-05,14977.9502,15092.3496,14862.0996,14938.0996,14938.0996,640700.0,35458.5,35616.0508,34893.25,35228.1484,35228.1484,0.0
2021-03-08,15002.4502,15111.1504,14919.9004,14956.2002,14956.2002,0.0,35462.4492,35827.3008,35090.75,35275.75,35275.75,0.0
2021-03-09,15049.9004,15126.8496,14925.4502,15098.4004,15098.4004,675300.0,35705.8984,36077.8008,35544.9492,35865.6484,35865.6484,0.0
2021-03-10,15202.1504,15218.4502,15100.8496,15174.7998,15174.7998,404600.0,36112.25,36176.8984,35764.3516,35938.3008,35938.3008,0.0
2021-03-12,15321.1504,15336.2998,14953.5996,15030.9502,15030.9502,493200.0,36497.3516,36497.3516,35188.0508,35496.6484,35496.6484,0.0
2021-03-15,15048.4004,15048.4004,14745.8496,14929.5,14929.5,467500.0,35544.25,35544.25,34430.6484,35182.5508,35182.5508,0.0
2021-03-16,14996.0996,15051.5996,14890.6504,14910.4502,14910.4502,100.0,35352.0,35405.0508,34744.6016,34804.6016,34804.6016,0.0
2021-03-17,14946.5498,14956.5498,14696.0498,14721.2998,14721.2998,100.0,34905.0508,35100.5,34126.8516,34229.25,34229.25,0.0
2021-03-18,14855.5,14875.2002,14478.5996,14557.8496,14557.8496,542200.0,34577.5,34759.8516,33597.5508,33856.8008,33856.8008,0.0
2021-03-19,14471.1504,14788.25,14350.0996,14744.0,14744.0,919200.0,33590.3984,34355.3984,33361.0,34161.6016,34161.6016,0.0
2021-03-22,14736.2998,14763.9004,14597.8496,14736.4004,14736.4004,459000.0,34088.3984,34148.8984,33389.1484,33603.4492,33603.4492,0.0
