symbol,date,price
nasdaq,1/2/20,"9,039.46"
nasdaq,1/3/20,"8,976.43"
nasdaq,1/6/20,"8,943.50"
nasdaq,1/7/20,"9,076.64"
nasdaq,1/8/20,"9,068.03"
nasdaq,1/9/20,"9,202.27"
nasdaq,1/10/20,"9,232.95"
nasdaq,1/13/20,"9,213.72"
nasdaq,1/14/20,"9,270.61"
nasdaq,1/15/20,"9,253.76"
nasdaq,1/16/20,"9,313.45"
nasdaq,1/17/20,"9,392.37"
nasdaq,1/21/20,"9,361.07"
nasdaq,1/22/20,"9,413.61"
nasdaq,1/23/20,"9,377.72"
nasdaq,1/24/20,"9,446.21"
nasdaq,1/27/20,"9,092.46"
nasdaq,1/28/20,"9,201.82"
nasdaq,1/29/20,"9,318.26"
nasdaq,1/30/20,"9,211.15"
nasdaq,1/31/20,"9,324.33"
nasdaq,2/3/20,"9,190.72"
nasdaq,2/4/20,"9,398.39"
nasdaq,2/5/20,"9,574.10"
nasdaq,2/6/20,"9,540.98"
nasdaq,2/7/20,"9,526.64"
nasdaq,2/10/20,"9,493.63"
nasdaq,2/11/20,"9,680.89"
nasdaq,2/12/20,"9,688.60"
nasdaq,2/13/20,"9,657.04"
nasdaq,2/14/20,"9,728.90"
nasdaq,2/18/20,"9,679.04"
nasdaq,2/19/20,"9,782.81"
nasdaq,2/20/20,"9,799.20"
nasdaq,2/21/20,"9,708.01"
nasdaq,2/24/20,"9,188.44"
nasdaq,2/25/20,"9,301.20"
nasdaq,2/26/20,"9,011.55"
nasdaq,2/27/20,"8,744.03"
nasdaq,2/28/20,"8,269.74"
nasdaq,3/2/20,"8,667.14"
nasdaq,3/3/20,"8,965.10"
nasdaq,3/4/20,"8,834.10"
nasdaq,3/5/20,"8,790.09"
nasdaq,3/6/20,"8,469.02"
nasdaq,3/9/20,"7,957.93"
nasdaq,3/10/20,"8,219.76"
nasdaq,3/11/20,"8,136.25"
nasdaq,3/12/20,"7,398.58"
nasdaq,3/13/20,"7,610.39"
nasdaq,3/16/20,"7,392.73"
nasdaq,3/17/20,"7,072.00"
nasdaq,3/18/20,"6,902.32"
nasdaq,3/19/20,"6,996.45"
nasdaq,3/20/20,"7,248.07"
nasdaq,3/23/20,"6,847.28"
nasdaq,3/24/20,"7,196.15"
nasdaq,3/25/20,"7,421.36"
nasdaq,3/26/20,"7,462.21"
nasdaq,3/27/20,"7,554.25"
nasdaq,3/30/20,"7,583.46"
nasdaq,3/31/20,"7,740.06"
nasdaq,4/1/20,"7,459.50"
nasdaq,4/2/20,"7,317.45"
nasdaq,4/3/20,"7,477.27"
nasdaq,4/6/20,"7,660.17"
nasdaq,4/7/20,"8,129.99"
nasdaq,4/8/20,"7,975.72"
nasdaq,4/9/20,"8,169.01"
nasdaq,4/13/20,"8,127.69"
nasdaq,4/14/20,"8,353.21"
nasdaq,4/15/20,"8,355.96"
nasdaq,4/16/20,"8,479.11"
nasdaq,4/17/20,"8,667.48"
nasdaq,4/20/20,"8,553.38"
nasdaq,4/21/20,"8,460.69"
nasdaq,4/22/20,"8,434.55"
nasdaq,4/23/20,"8,528.84"
nasdaq,4/24/20,"8,530.08"
nasdaq,4/27/20,"8,717.98"
nasdaq,4/28/20,"8,825.69"
nasdaq,4/29/20,"8,802.70"
nasdaq,4/30/20,"8,911.02"
nasdaq,5/1/20,"8,681.29"
nasdaq,5/4/20,"8,555.32"
nasdaq,5/5/20,"8,809.66"
nasdaq,5/6/20,"8,874.70"
nasdaq,5/7/20,"8,973.78"
nasdaq,5/8/20,"9,056.89"
nasdaq,5/11/20,"9,054.91"
nasdaq,5/12/20,"9,225.15"
nasdaq,5/13/20,"9,006.05"
nasdaq,5/14/20,"8,788.04"
nasdaq,5/15/20,"8,839.99"
nasdaq,5/18/20,"9,177.15"
nasdaq,5/19/20,"9,227.46"
nasdaq,5/20/20,"9,305.62"
nasdaq,5/21/20,"9,375.19"
nasdaq,5/22/20,"9,278.55"
nasdaq,5/26/20,"9,501.21"
nasdaq,5/27/20,"9,346.12"
nasdaq,5/28/20,"9,392.99"
nasdaq,5/29/20,"9,382.35"
nasdaq,6/1/20,"9,471.42"
nasdaq,6/2/20,"9,566.53"
nasdaq,6/3/20,"9,651.86"
nasdaq,6/4/20,"9,649.65"
nasdaq,6/5/20,"9,703.54"
nasdaq,6/8/20,"9,823.44"
nasdaq,6/9/20,"9,867.19"
nasdaq,6/10/20,"10,012.32"
nasdaq,6/11/20,"9,791.24"
nasdaq,6/12/20,"9,715.87"
nasdaq,6/15/20,"9,426.90"
nasdaq,6/16/20,"9,949.78"
nasdaq,6/17/20,"9,943.31"
nasdaq,6/18/20,"9,892.48"
nasdaq,6/19/20,"10,042.13"
nasdaq,6/22/20,"9,945.49"
nasdaq,6/23/20,"10,130.83"
nasdaq,6/24/20,"10,092.92"
nasdaq,6/25/20,"9,899.36"
nasdaq,6/26/20,"9,995.12"
nasdaq,6/29/20,"9,771.72"
nasdaq,6/30/20,"9,875.29"
nasdaq,7/1/20,"10,063.67"
nasdaq,7/2/20,"10,268.67"
nasdaq,7/6/20,"10,360.38"
nasdaq,7/7/20,"10,412.46"
nasdaq,7/8/20,"10,409.35"
nasdaq,7/9/20,"10,563.72"
nasdaq,7/10/20,"10,545.91"
nasdaq,7/13/20,"10,729.92"
nasdaq,7/14/20,"10,310.25"
nasdaq,7/15/20,"10,576.72"
nasdaq,7/16/20,"10,443.87"
nasdaq,7/17/20,"10,500.52"
nasdaq,7/20/20,"10,526.02"
nasdaq,7/21/20,"10,837.88"
nasdaq,7/22/20,"10,687.58"
nasdaq,7/23/20,"10,689.50"
nasdaq,7/24/20,"10,294.41"
nasdaq,7/27/20,"10,421.70"
nasdaq,7/28/20,"10,509.20"
nasdaq,7/29/20,"10,474.70"
nasdaq,7/30/20,"10,450.12"
nasdaq,7/31/20,"10,741.47"
nasdaq,8/3/20,"10,848.64"
nasdaq,8/4/20,"10,897.89"
nasdaq,8/5/20,"10,967.87"
nasdaq,8/6/20,"10,989.98"
nasdaq,8/7/20,"11,072.53"
nasdaq,8/10/20,"11,033.73"
nasdaq,8/11/20,"10,942.66"
nasdaq,8/12/20,"10,878.12"
nasdaq,8/13/20,"11,026.86"
nasdaq,8/14/20,"11,042.24"
nasdaq,8/17/20,"11,083.25"
nasdaq,8/18/20,"11,170.75"
nasdaq,8/19/20,"11,214.80"
nasdaq,8/20/20,"11,096.40"
nasdaq,8/21/20,"11,258.44"
nasdaq,8/24/20,"11,449.25"
nasdaq,8/25/20,"11,370.23"
nasdaq,8/26/20,"11,516.62"
nasdaq,8/27/20,"11,688.19"
nasdaq,8/28/20,"11,689.28"
nasdaq,8/31/20,"11,718.81"
nasdaq,9/1/20,"11,850.96"
nasdaq,9/2/20,"12,047.26"
nasdaq,9/3/20,"11,861.90"
nasdaq,9/4/20,"11,396.24"
nasdaq,9/8/20,"10,900.70"
nasdaq,9/9/20,"11,064.76"
nasdaq,9/10/20,"11,235.53"
nasdaq,9/11/20,"11,010.07"
nasdaq,9/14/20,"11,010.14"
nasdaq,9/15/20,"11,193.96"
nasdaq,9/16/20,"11,222.08"
nasdaq,9/17/20,"10,796.05"
nasdaq,9/18/20,"10,973.45"
nasdaq,9/21/20,"10,610.14"
nasdaq,9/22/20,"10,873.30"
nasdaq,9/23/20,"10,950.82"
nasdaq,9/24/20,"10,551.02"
nasdaq,9/25/20,"10,680.46"
nasdaq,9/28/20,"11,084.38"
nasdaq,9/29/20,"11,109.00"
nasdaq,9/30/20,"11,092.90"
nasdaq,10/1/20,"11,291.99"
nasdaq,10/2/20,"11,082.53"
nasdaq,10/5/20,"11,169.11"
nasdaq,10/6/20,"11,314.53"
nasdaq,10/7/20,"11,271.68"
nasdaq,10/8/20,"11,443.35"
nasdaq,10/9/20,"11,487.60"
nasdaq,10/12/20,"11,732.33"
nasdaq,10/13/20,"11,901.76"
nasdaq,10/14/20,"11,889.07"
nasdaq,10/15/20,"11,559.88"
nasdaq,10/16/20,"11,761.83"
nasdaq,10/19/20,"11,732.34"
nasdaq,10/20/20,"11,531.83"
nasdaq,10/21/20,"11,530.39"
nasdaq,10/22/20,"11,526.97"
nasdaq,10/23/20,"11,536.01"
nasdaq,10/26/20,"11,440.64"
nasdaq,10/27/20,"11,409.34"
nasdaq,10/28/20,"11,230.90"
nasdaq,10/29/20,"11,064.47"
nasdaq,10/30/20,"11,103.47"
nasdaq,11/2/20,"11,010.45"
nasdaq,11/3/20,"11,038.66"
nasdaq,11/4/20,"11,443.77"
nasdaq,11/5/20,"11,816.33"
nasdaq,11/6/20,"11,869.90"
nasdaq,11/9/20,"12,046.66"
nasdaq,11/10/20,"11,622.44"
nasdaq,11/11/20,"11,656.65"
nasdaq,11/12/20,"11,802.50"
nasdaq,11/13/20,"11,794.94"
nasdaq,11/16/20,"11,847.11"
nasdaq,11/17/20,"11,913.35"
nasdaq,11/18/20,"11,896.06"
nasdaq,11/19/20,"11,779.04"
nasdaq,11/20/20,"11,892.70"
nasdaq,11/23/20,"11,916.76"
nasdaq,11/24/20,"11,939.33"
nasdaq,11/25/20,"12,053.89"
nasdaq,11/27/20,"12,159.18"
nasdaq,11/30/20,"12,224.25"
nasdaq,12/1/20,"12,313.36"
nasdaq,12/2/20,"12,285.75"
nasdaq,12/3/20,"12,369.26"
nasdaq,12/4/20,"12,399.32"
nasdaq,12/7/20,"12,461.00"
nasdaq,12/8/20,"12,503.17"
nasdaq,12/9/20,"12,591.69"
nasdaq,12/10/20,"12,247.55"
nasdaq,12/11/20,"12,336.79"
nasdaq,12/14/20,"12,447.44"
nasdaq,12/15/20,"12,543.26"
nasdaq,12/16/20,"12,611.04"
nasdaq,12/17/20,"12,730.78"
nasdaq,12/18/20,"12,804.93"
nasdaq,12/21/20,"12,596.14"
nasdaq,12/22/20,"12,785.22"
nasdaq,12/23/20,"12,834.94"
nasdaq,12/24/20,"12,791.54"
nasdaq,12/28/20,"12,914.64"
nasdaq,12/29/20,"12,965.39"
nasdaq,12/30/20,"12,906.51"
nasdaq,12/31/20,12877.0898
nasdaq,1/4/21,12958.5195
nasdaq,1/5/21,12665.6504
nasdaq,1/6/21,12666.1504
nasdaq,1/7/21,12867.3398
nasdaq,1/8/21,13160.2197
nasdaq,1/11/21,13048.7803
nasdaq,1/12/21,13062.0596
nasdaq,1/13/21,13088.0098
nasdaq,1/14/21,13174.75
nasdaq,1/15/21,13099.9004
nasdaq,1/19/21,13132.7305
nasdaq,1/20/21,13342.5498
nasdaq,1/21/21,13521.4805
nasdaq,1/22/21,13474.8096
nasdaq,1/25/21,13681.21
nasdaq,1/26/21,13681.7197
nasdaq,1/27/21,13486.5801
nasdaq,1/28/21,13323.29
nasdaq,1/29/21,13284.7197
nasdaq,2/1/21,13226.1797
nasdaq,2/2/21,13543.0996
nasdaq,2/3/21,13718.3096
nasdaq,2/4/21,13674.0596
nasdaq,2/5/21,13824.8799
nasdaq,2/8/21,13937.0596
nasdaq,2/9/21,13966.8203
nasdaq,2/10/21,14093.3496
nasdaq,2/11/21,14045.21
nasdaq,2/12/21,13979.21
nasdaq,2/16/21,14152.21
nasdaq,2/17/21,13911.6504
nasdaq,2/18/21,13814.6699
nasdaq,2/19/21,13929.2002
nasdaq,2/22/21,13714.2002
nasdaq,2/23/21,13262.6104
nasdaq,2/24/21,13400.25
nasdaq,2/25/21,13512.6396
nasdaq,2/26/21,13232.9004
nasdaq,3/1/21,13406.1602
nasdaq,3/2/21,13599.4502
nasdaq,3/3/21,13336.25
nasdaq,3/4/21,12953.9902
nasdaq,3/5/21,12860.04
nasdaq,3/8/21,12904.2598
nasdaq,3/9/21,12923.0703
nasdaq,3/10/21,13234.7305
nasdaq,3/11/21,13273.3096
nasdaq,3/12/21,13222.8096
nasdaq,3/15/21,13323.4697
nasdaq,3/16/21,13523.1699
nasdaq,3/17/21,13336.9102
nasdaq,3/18/21,13349.2002
nasdaq,3/19/21,13119.9004
nasdaq,3/22/21,13278.7803
spain,1/2/20,"9,639.10"
spain,1/3/20,"9,631.20"
spain,1/6/20,"9,585.40"
spain,1/7/20,"9,623.10"
spain,1/8/20,"9,535.10"
spain,1/9/20,"9,629.20"
spain,1/10/20,"9,611.30"
spain,1/13/20,"9,586.60"
spain,1/14/20,"9,548.10"
spain,1/15/20,"9,521.20"
spain,1/16/20,"9,516.70"
spain,1/17/20,"9,616.10"
spain,1/20/20,"9,676.60"
spain,1/21/20,"9,593.40"
spain,1/22/20,"9,622.00"
spain,1/23/20,"9,549.40"
spain,1/24/20,"9,576.80"
spain,1/27/20,"9,447.10"
spain,1/28/20,"9,401.80"
spain,1/29/20,"9,532.70"
spain,1/30/20,"9,460.80"
spain,1/31/20,"9,519.30"
spain,2/3/20,"9,404.40"
spain,2/4/20,"9,465.90"
spain,2/5/20,"9,553.40"
spain,2/6/20,"9,767.10"
spain,2/7/20,"9,789.30"
spain,2/10/20,"9,790.60"
spain,2/11/20,"9,863.40"
spain,2/12/20,"9,897.90"
spain,2/13/20,"9,893.90"
spain,2/14/20,"9,910.90"
spain,2/17/20,"9,979.20"
spain,2/18/20,"9,977.40"
spain,2/19/20,"10,042.00"
spain,2/20/20,"10,048.70"
spain,2/21/20,"9,893.00"
spain,2/24/20,"9,649.80"
spain,2/25/20,"9,507.00"
spain,2/26/20,"9,213.00"
spain,2/27/20,"9,182.20"
spain,2/28/20,"8,748.10"
spain,3/2/20,"8,910.20"
spain,3/3/20,"8,860.20"
spain,3/4/20,"8,827.80"
spain,3/5/20,"8,960.80"
spain,3/6/20,"8,532.60"
spain,3/9/20,"7,884.00"
spain,3/10/20,"7,815.60"
spain,3/11/20,"7,589.30"
spain,3/12/20,"7,040.80"
spain,3/13/20,"6,763.70"
spain,3/16/20,"6,331.00"
spain,3/17/20,"6,444.50"
spain,3/18/20,"6,370.50"
spain,3/19/20,"6,368.20"
spain,3/20/20,"6,645.40"
spain,3/23/20,"6,223.70"
spain,3/24/20,"6,433.30"
spain,3/25/20,"6,985.90"
spain,3/26/20,"6,789.00"
spain,3/27/20,"6,916.70"
spain,3/30/20,"6,748.60"
spain,3/31/20,"6,746.80"
spain,4/1/20,"6,627.30"
spain,4/2/20,"6,633.70"
spain,4/3/20,"6,563.60"
spain,4/6/20,"6,807.90"
spain,4/7/20,"6,986.90"
spain,4/8/20,"6,930.20"
spain,4/9/20,"7,049.30"
spain,4/14/20,"7,209.70"
spain,4/15/20,"7,065.60"
spain,4/16/20,"6,930.80"
spain,4/17/20,"6,942.50"
spain,4/20/20,"6,932.50"
spain,4/21/20,"6,741.30"
spain,4/22/20,"6,685.10"
spain,4/23/20,"6,758.70"
spain,4/24/20,"6,641.30"
spain,4/27/20,"6,780.90"
spain,4/28/20,"6,724.60"
spain,4/29/20,"6,829.40"
spain,4/30/20,"7,084.80"
spain,5/4/20,"6,767.70"
spain,5/5/20,"6,772.20"
spain,5/6/20,"6,719.80"
spain,5/7/20,"6,714.90"
spain,5/8/20,"6,790.70"
spain,5/11/20,"6,830.90"
spain,5/12/20,"6,672.70"
spain,5/13/20,"6,694.00"
spain,5/14/20,"6,569.70"
spain,5/15/20,"6,594.40"
spain,5/18/20,"6,583.10"
spain,5/19/20,"6,864.20"
spain,5/20/20,"6,593.40"
spain,5/21/20,"6,612.70"
spain,5/22/20,"6,618.20"
spain,5/25/20,"6,766.60"
spain,5/26/20,"6,940.60"
spain,5/27/20,"7,034.00"
spain,5/28/20,"7,237.30"
spain,5/29/20,"7,164.30"
spain,6/1/20,"7,228.70"
spain,6/2/20,"7,264.00"
spain,6/3/20,"7,487.30"
spain,6/4/20,"7,567.70"
spain,6/5/20,"7,672.00"
spain,6/8/20,"7,813.10"
spain,6/9/20,"7,878.20"
spain,6/10/20,"7,779.80"
spain,6/11/20,"7,486.50"
spain,6/12/20,"7,232.20"
spain,6/15/20,"7,116.90"
spain,6/16/20,"7,420.80"
spain,6/17/20,"7,458.10"
spain,6/18/20,"7,436.40"
spain,6/19/20,"7,444.20"
spain,6/22/20,"7,371.60"
spain,6/23/20,"7,408.80"
spain,6/24/20,"7,403.90"
spain,6/25/20,"7,176.40"
spain,6/26/20,"7,324.50"
spain,6/29/20,"7,160.10"
spain,6/30/20,"7,270.60"
spain,7/1/20,"7,245.60"
spain,7/2/20,"7,292.70"
spain,7/3/20,"7,510.30"
spain,7/6/20,"7,566.50"
spain,7/7/20,"7,491.50"
spain,7/8/20,"7,361.00"
spain,7/9/20,"7,369.90"
spain,7/10/20,"7,198.40"
spain,7/13/20,"7,403.20"
spain,7/14/20,"7,344.40"
spain,7/15/20,"7,416.10"
spain,7/16/20,"7,438.80"
spain,7/17/20,"7,474.10"
spain,7/20/20,"7,442.50"
spain,7/21/20,"7,554.20"
spain,7/22/20,"7,474.70"
spain,7/23/20,"7,434.70"
spain,7/24/20,"7,301.80"
spain,7/27/20,"7,267.80"
spain,7/28/20,"7,191.90"
spain,7/29/20,"7,247.60"
spain,7/30/20,"7,192.30"
spain,7/31/20,"7,025.20"
spain,8/3/20,"6,867.40"
spain,8/4/20,"7,003.00"
spain,8/5/20,"7,073.20"
spain,8/6/20,"7,022.10"
spain,8/7/20,"6,929.10"
spain,8/10/20,"7,004.40"
spain,8/11/20,"7,104.00"
spain,8/12/20,"7,250.30"
spain,8/13/20,"7,267.90"
spain,8/14/20,"7,224.10"
spain,8/17/20,"7,141.50"
spain,8/18/20,"7,065.70"
spain,8/19/20,"7,039.10"
spain,8/20/20,"7,011.40"
spain,8/21/20,"7,016.70"
spain,8/24/20,"7,044.20"
spain,8/25/20,"7,147.90"
spain,8/26/20,"7,088.40"
spain,8/27/20,"7,114.10"
spain,8/28/20,"7,114.70"
spain,8/31/20,"7,174.30"
spain,9/1/20,"7,038.50"
spain,9/2/20,"6,973.10"
spain,9/3/20,"7,065.20"
spain,9/4/20,"7,015.70"
spain,9/7/20,"7,032.80"
spain,9/8/20,"7,087.90"
spain,9/9/20,"6,946.40"
spain,9/10/20,"7,020.60"
spain,9/11/20,"6,989.40"
spain,9/14/20,"6,989.80"
spain,9/15/20,"6,958.90"
spain,9/16/20,"7,048.30"
spain,9/17/20,"7,027.10"
spain,9/18/20,"7,073.80"
spain,9/21/20,"6,892.90"
spain,9/22/20,"6,752.90"
spain,9/23/20,"6,717.80"
spain,9/24/20,"6,577.60"
spain,9/25/20,"6,647.40"
spain,9/28/20,"6,709.20"
spain,9/29/20,"6,769.50"
spain,9/30/20,"6,663.60"
spain,10/1/20,"6,789.10"
spain,10/2/20,"6,675.40"
spain,10/5/20,"6,814.50"
spain,10/6/20,"6,860.10"
spain,10/7/20,"6,920.20"
spain,10/8/20,"6,953.20"
spain,10/9/20,"6,992.90"
spain,10/12/20,"6,968.80"
spain,10/13/20,"6,945.20"
spain,10/14/20,"6,880.40"
spain,10/15/20,"6,840.20"
spain,10/16/20,"6,851.90"
spain,10/19/20,"6,882.10"
spain,10/20/20,"6,834.80"
spain,10/21/20,"6,961.50"
spain,10/22/20,"6,775.20"
spain,10/23/20,"6,802.10"
spain,10/26/20,"6,797.90"
spain,10/27/20,"6,845.20"
spain,10/28/20,"6,560.80"
spain,10/29/20,"6,467.70"
spain,10/30/20,"6,351.40"
spain,11/2/20,"6,481.40"
spain,11/3/20,"6,636.10"
spain,11/4/20,"6,616.70"
spain,11/5/20,"6,833.50"
spain,11/6/20,"6,890.60"
spain,11/9/20,"6,972.30"
spain,11/10/20,"7,447.10"
spain,11/11/20,"7,733.80"
spain,11/12/20,"7,721.70"
spain,11/13/20,"7,698.60"
spain,11/16/20,"7,905.90"
spain,11/17/20,"7,979.00"
spain,11/18/20,"7,914.10"
spain,11/19/20,"7,907.20"
spain,11/20/20,"7,938.80"
spain,11/23/20,"8,029.10"
spain,11/24/20,"8,052.40"
spain,11/25/20,"8,172.40"
spain,11/26/20,"8,184.80"
spain,11/27/20,"8,069.10"
spain,11/30/20,"8,130.60"
spain,12/1/20,"8,112.70"
spain,12/2/20,"8,111.10"
spain,12/3/20,"8,208.10"
spain,12/4/20,"8,201.20"
spain,12/7/20,"8,283.30"
spain,12/8/20,"8,262.40"
spain,12/9/20,"8,262.20"
spain,12/10/20,"8,260.30"
spain,12/11/20,"8,147.80"
spain,12/14/20,"8,160.20"
spain,12/15/20,"8,153.20"
spain,12/16/20,"8,166.40"
spain,12/17/20,"8,164.60"
spain,12/18/20,"8,114.30"
spain,12/21/20,"7,860.90"
spain,12/22/20,"7,822.00"
spain,12/23/20,"7,948.80"
spain,12/24/20,8101.2002
spain,12/28/20,8179.29981
spain,12/29/20,8203.2002
spain,12/30/20,8174.2002
spain,12/31/20,8116.8999
spain,1/4/21,8191.79981
spain,1/5/21,8052.2002
spain,1/6/21,8179.79981
spain,1/7/21,8383.79981
spain,1/8/21,8439.7002
spain,1/11/21,8369.2002
spain,1/12/21,8375.2002
spain,1/13/21,8353.90039
spain,1/14/21,8360.90039
spain,1/15/21,8332.2002
spain,1/18/21,8194.7002
spain,1/19/21,8303.7002
spain,1/20/21,8220.29981
spain,1/21/21,8234.5
spain,1/22/21,8072.7002
spain,1/25/21,8076.8999
spain,1/26/21,7907.7002
spain,1/27/21,7950.3999
spain,1/28/21,7767.2002
spain,1/29/21,7825.79981
spain,2/1/21,7823
spain,2/2/21,7844.6001
spain,2/3/21,8048.2002
spain,2/4/21,8031.3999
spain,2/5/21,8129.79981
spain,2/8/21,8251.79981
spain,2/9/21,8216.79981
spain,2/10/21,8127.2002
spain,2/11/21,8067.1001
spain,2/12/21,8025
spain,2/15/21,8124.3999
spain,2/16/21,8215.09961
spain,2/17/21,8140.79981
spain,2/18/21,8133.5
spain,2/19/21,8066.7002
spain,2/22/21,8119.6001
spain,2/23/21,8128
spain,2/24/21,8266.59961
spain,2/25/21,8331.2002
spain,2/26/21,8218.59961
spain,3/1/21,8324.59961
spain,3/2/21,8360.90039
spain,3/3/21,8397.59961
spain,3/4/21,8285.09961
spain,3/5/21,8322.09961
spain,3/8/21,8358
spain,3/9/21,8446.29981
spain,3/10/21,8479.5
spain,3/11/21,8567.59961
spain,3/12/21,8570
spain,3/15/21,8689.90039
spain,3/16/21,8679.40039
spain,3/17/21,8652.09961
spain,3/18/21,8632.59961
spain,3/19/21,8560.09961
spain,3/22/21,8430.2002
dow,3/26/21,"32,681.07"
dow,3/25/21,"32,346.81"
dow,3/24/21,"32,470.88"
dow,3/23/21,"32,691.50"
dow,3/22/21,"32,601.82"
dow,3/19/21,"32,858.36"
dow,3/18/21,"32,928.16"
dow,3/17/21,"32,825.52"
dow,3/16/21,"32,966.75"
dow,3/15/21,"32,798.84"
dow,3/12/21,"32,462.40"
dow,3/11/21,"32,354.50"
dow,3/10/21,"31,906.96"
dow,3/9/21,"31,892.35"
dow,3/8/21,"31,512.15"
dow,3/5/21,"31,029.18"
dow,3/4/21,"31,289.01"
dow,3/3/21,"31,352.96"
dow,3/2/21,"31,535.37"
dow,3/1/21,"31,065.90"
dow,2/26/21,"31,401.29"
dow,2/25/21,"31,955.94"
dow,2/24/21,"31,499.75"
dow,2/23/21,"31,501.89"
dow,2/22/21,"31,381.12"
dow,2/19/21,"31,504.13"
dow,2/18/21,"31,558.60"
dow,2/17/21,"31,485.61"
dow,2/16/21,"31,472.08"
dow,2/12/21,"31,420.80"
dow,2/11/21,"31,466.49"
dow,2/10/21,"31,428.02"
dow,2/9/21,"31,359.88"
dow,2/8/21,"31,191.20"
dow,2/5/21,"31,093.81"
dow,2/4/21,"30,737.78"
dow,2/3/21,"30,689.65"
dow,2/2/21,"30,276.88"
dow,2/1/21,"30,054.73"
dow,1/29/21,"30,553.91"
dow,1/28/21,"30,377.19"
dow,1/27/21,"30,893.78"
dow,1/26/21,"30,968.55"
dow,1/25/21,"30,989.85"
dow,1/22/21,"31,141.56"
dow,1/21/21,"31,198.01"
dow,1/20/21,"31,017.54"
dow,1/19/21,"30,887.42"
dow,1/15/21,"30,926.77"
dow,1/14/21,"31,085.67"
dow,1/13/21,"31,084.88"
dow,1/12/21,"31,015.01"
dow,1/11/21,"31,015.37"
dow,1/8/21,"31,069.58"
dow,1/7/21,"30,901.18"
dow,1/6/21,"30,362.78"
dow,1/5/21,"30,204.25"
dow,1/4/21,"30,627.47"
dow,12/31/20,"30,417.64"
dow,12/30/20,"30,415.09"
dow,12/29/20,"30,492.07"
dow,12/28/20,"30,283.23"
dow,12/24/20,"30,155.92"
dow,12/23/20,"30,046.73"
dow,12/22/20,"30,200.20"
dow,12/21/20,"30,159.00"
dow,12/18/20,"30,314.26"
dow,12/17/20,"30,216.00"
dow,12/16/20,"30,191.38"
dow,12/15/20,"29,919.09"
dow,12/14/20,"30,123.91"
dow,12/11/20,"29,988.21"
dow,12/10/20,"30,032.55"
dow,12/9/20,"30,229.81"
dow,12/8/20,"29,997.95"
dow,12/7/20,"30,233.03"
dow,12/4/20,"29,989.56"
dow,12/3/20,"29,920.83"
dow,12/2/20,"29,695.09"
dow,12/1/20,"29,797.50"
dow,11/30/20,"29,854.51"
dow,11/27/20,"29,911.33"
dow,11/25/20,"30,058.87"
dow,11/24/20,"29,746.11"
dow,11/23/20,"29,332.82"
dow,11/20/20,"29,437.57"
dow,11/19/20,"29,370.92"
dow,11/18/20,"29,875.40"
dow,11/17/20,"29,800.15"
dow,11/16/20,"29,672.36"
dow,11/13/20,"29,203.90"
dow,11/12/20,"29,231.91"
dow,11/11/20,"29,524.35"
dow,11/10/20,"29,254.17"
dow,11/9/20,"29,467.90"
dow,11/6/20,"28,399.13"
dow,11/5/20,"28,083.37"
dow,11/4/20,"27,512.83"
dow,11/3/20,"27,138.69"
dow,11/2/20,"26,691.28"
dow,10/30/20,"26,572.27"
dow,10/29/20,"26,480.98"
dow,10/28/20,"27,102.14"
dow,10/27/20,"27,651.18"
dow,10/26/20,"28,185.82"
dow,10/23/20,"28,409.65"
dow,10/22/20,"28,197.42"
dow,10/21/20,"28,270.66"
dow,10/20/20,"28,245.85"
dow,10/19/20,"28,633.55"
dow,10/16/20,"28,570.72"
dow,10/15/20,"28,323.40"
dow,10/14/20,"28,731.30"
dow,10/13/20,"28,764.95"
dow,10/12/20,"28,671.12"
dow,10/9/20,"28,533.61"
dow,10/8/20,"28,348.86"
dow,10/7/20,"27,971.36"
dow,10/6/20,"28,214.24"
dow,10/5/20,"27,825.42"
dow,10/2/20,"27,536.39"
dow,10/1/20,"27,940.63"
dow,9/30/20,"27,514.64"
dow,9/29/20,"27,560.24"
dow,9/28/20,"27,362.14"
dow,9/25/20,"26,694.51"
dow,9/24/20,"26,716.09"
dow,9/23/20,"27,413.60"
dow,9/22/20,"27,170.34"
dow,9/21/20,"27,484.71"
dow,9/18/20,"27,864.87"
dow,9/17/20,"27,834.18"
dow,9/16/20,"28,031.69"
dow,9/15/20,"28,139.76"
dow,9/14/20,"27,718.74"
dow,9/11/20,"27,613.86"
dow,9/10/20,"28,022.51"
dow,9/9/20,"27,711.71"
dow,9/8/20,"27,925.23"
dow,9/4/20,"28,341.05"
dow,9/3/20,"29,090.70"
dow,9/2/20,"28,736.79"
dow,9/1/20,"28,439.61"
dow,8/31/20,"28,643.66"
dow,8/28/20,"28,601.29"
dow,8/27/20,"28,384.07"
dow,8/26/20,"28,257.88"
dow,8/25/20,"28,347.42"
dow,8/24/20,"28,077.58"
dow,8/21/20,"27,758.13"
dow,8/20/20,"27,622.68"
dow,8/19/20,"27,811.26"
dow,8/18/20,"27,853.48"
dow,8/17/20,"27,970.05"
dow,8/14/20,"27,828.93"
dow,8/13/20,"27,922.51"
dow,8/12/20,"27,860.24"
dow,8/11/20,"27,961.64"
dow,8/10/20,"27,488.21"
dow,8/7/20,"27,321.68"
dow,8/6/20,"27,170.82"
dow,8/5/20,"26,924.78"
dow,8/4/20,"26,664.61"
dow,8/3/20,"26,542.32"
dow,7/31/20,"26,409.33"
dow,7/30/20,"26,367.42"
dow,7/29/20,"26,388.44"
dow,7/28/20,"26,529.45"
dow,7/27/20,"26,447.67"
dow,7/24/20,"26,533.41"
dow,7/23/20,"26,955.97"
dow,7/22/20,"26,824.56"
dow,7/21/20,"26,833.14"
dow,7/20/20,"26,660.29"
dow,7/17/20,"26,774.62"
dow,7/16/20,"26,746.57"
dow,7/15/20,"27,009.81"
dow,7/14/20,"26,044.17"
dow,7/13/20,"26,225.07"
dow,7/10/20,"25,690.35"
dow,7/9/20,"26,094.92"
dow,7/8/20,"25,950.06"
dow,7/7/20,"26,172.01"
dow,7/6/20,"25,996.08"
dow,7/2/20,"25,936.45"
dow,7/1/20,"25,879.38"
dow,6/30/20,"25,512.43"
dow,6/29/20,"25,152.45"
dow,6/26/20,"25,641.69"
dow,6/25/20,"25,365.22"
dow,6/24/20,"25,992.96"
dow,6/23/20,"26,159.39"
dow,6/22/20,"25,865.08"
dow,6/19/20,"26,213.10"
dow,6/18/20,"26,016.45"
dow,6/17/20,"26,330.52"
dow,6/16/20,"26,326.68"
dow,6/15/20,"25,270.39"
dow,6/12/20,"25,659.42"
dow,6/11/20,"26,282.51"
dow,6/10/20,"27,251.89"
dow,6/9/20,"27,447.37"
dow,6/8/20,"27,232.93"
dow,6/5/20,"26,836.80"
dow,6/4/20,"26,226.49"
dow,6/3/20,"25,906.88"
dow,6/2/20,"25,582.52"
dow,6/1/20,"25,342.99"
dow,5/29/20,"25,324.15"
dow,5/28/20,"25,697.36"
dow,5/27/20,"25,298.63"
dow,5/26/20,"24,781.84"
dow,5/22/20,"24,461.98"
dow,5/21/20,"24,564.27"
dow,5/20/20,"24,455.94"
dow,5/19/20,"24,577.48"
dow,5/18/20,"24,059.98"
dow,5/15/20,"23,454.83"
dow,5/14/20,"23,049.06"
dow,5/13/20,"23,702.16"
dow,5/12/20,"24,292.84"
dow,5/11/20,"24,256.45"
dow,5/8/20,"24,107.82"
dow,5/7/20,"23,837.21"
dow,5/6/20,"23,978.88"
dow,5/5/20,"23,958.88"
dow,5/4/20,"23,581.55"
dow,5/1/20,"24,120.78"
dow,4/30/20,"24,585.57"
dow,4/29/20,"24,490.37"
dow,4/28/20,"24,357.17"
dow,4/27/20,"23,866.15"
dow,4/24/20,"23,628.24"
dow,4/23/20,"23,543.09"
dow,4/22/20,"23,437.34"
dow,4/21/20,"23,365.25"
dow,4/20/20,"24,095.10"
dow,4/17/20,"23,817.15"
dow,4/16/20,"23,543.66"
dow,4/15/20,"23,600.72"
dow,4/14/20,"23,690.57"
dow,4/13/20,"23,698.93"
dow,4/9/20,"23,690.66"
dow,4/8/20,"22,893.47"
dow,4/7/20,"23,537.44"
dow,4/6/20,"21,693.63"
dow,4/3/20,"21,285.93"
dow,4/2/20,"20,819.46"
dow,4/1/20,"21,227.38"
dow,3/31/20,"22,208.42"
dow,3/30/20,"21,678.22"
dow,3/27/20,"21,898.47"
nifty,1/1/20,12202.1504
nifty,1/2/20,12198.5498
nifty,1/3/20,12261.0996
nifty,1/6/20,12170.5996
nifty,1/7/20,12079.0996
nifty,1/8/20,11939.0996
nifty,1/9/20,12153.1504
nifty,1/10/20,12271
nifty,1/13/20,12296.7002
nifty,1/14/20,12333.0996
nifty,1/15/20,12349.4004
nifty,1/16/20,12347.0996
nifty,1/17/20,12328.4004
nifty,1/20/20,12430.5
nifty,1/21/20,12195.2998
nifty,1/22/20,12218.3496
nifty,1/23/20,12123.75
nifty,1/24/20,12174.5498
nifty,1/27/20,12197.0996
nifty,1/28/20,12148.0996
nifty,1/29/20,12114.9004
nifty,1/30/20,12147.75
nifty,1/31/20,12100.4004
nifty,2/3/20,11627.4502
nifty,2/4/20,11786.25
nifty,2/5/20,12005.8496
nifty,2/6/20,12120
nifty,2/7/20,12151.1504
nifty,2/10/20,12102.3496
nifty,2/11/20,12108.4004
nifty,2/12/20,12151
nifty,2/13/20,12219.5498
nifty,2/14/20,12190.1504
nifty,2/17/20,12131.7998
nifty,2/18/20,12028.25
nifty,2/19/20,12090.5996
nifty,2/20/20,12119
nifty,2/24/20,12012.5498
nifty,2/25/20,11877.5
nifty,2/26/20,11738.5498
nifty,2/27/20,11661.25
nifty,2/28/20,11382
nifty,3/2/20,11387.3496
nifty,3/3/20,11217.5498
nifty,3/4/20,11351.3496
nifty,3/5/20,11306.0498
nifty,3/6/20,10942.6504
nifty,3/9/20,10742.0498
nifty,3/11/20,10334.2998
nifty,3/12/20,10039.9502
nifty,3/13/20,9107.59961
nifty,3/16/20,9587.79981
nifty,3/17/20,9285.40039
nifty,3/18/20,9088.4502
nifty,3/19/20,8063.29981
nifty,3/20/20,8284.4502
nifty,3/23/20,7945.7002
nifty,3/24/20,7848.29981
nifty,3/25/20,7735.1499
nifty,3/26/20,8451
nifty,3/27/20,8949.09961
nifty,3/30/20,8385.9502
nifty,3/31/20,8529.34961
nifty,4/1/20,8584.09961
nifty,4/3/20,8356.54981
nifty,4/7/20,8446.29981
nifty,4/8/20,8688.90039
nifty,4/9/20,8973.04981
nifty,4/13/20,9103.9502
nifty,4/15/20,9196.40039
nifty,4/16/20,8851.25
nifty,4/17/20,9323.4502
nifty,4/20/20,9390.2002
nifty,4/21/20,9016.9502
nifty,4/22/20,9026.75
nifty,4/23/20,9232.34961
nifty,4/24/20,9163.90039
nifty,4/27/20,9259.7002
nifty,4/28/20,9389.79981
nifty,4/29/20,9408.59961
nifty,4/30/20,9753.5
nifty,5/4/20,9533.5
nifty,5/5/20,9429.40039
nifty,5/6/20,9226.79981
nifty,5/7/20,9234.04981
nifty,5/8/20,9376.9502
nifty,5/11/20,9348.15039
nifty,5/12/20,9168.84961
nifty,5/13/20,9584.2002
nifty,5/14/20,9213.9502
nifty,5/15/20,9182.40039
nifty,5/18/20,9158.29981
nifty,5/19/20,8961.7002
nifty,5/20/20,8889.15039
nifty,5/21/20,9079.4502
nifty,5/22/20,9067.90039
nifty,5/26/20,9099.75
nifty,5/27/20,9082.2002
nifty,5/28/20,9364.9502
nifty,5/29/20,9422.2002
nifty,6/1/20,9726.84961
nifty,6/2/20,9880.84961
nifty,6/3/20,10108.2998
nifty,6/4/20,10054.25
nifty,6/5/20,10093.7998
nifty,6/8/20,10326.75
nifty,6/9/20,10181.1504
nifty,6/10/20,10072.5996
nifty,6/11/20,10094.0996
nifty,6/12/20,9544.9502
nifty,6/15/20,9919.34961
nifty,6/16/20,10014.7998
nifty,6/17/20,9876.7002
nifty,6/18/20,9863.25
nifty,6/19/20,10119
nifty,6/22/20,10318.75
nifty,6/23/20,10347.9502
nifty,6/24/20,10529.25
nifty,6/25/20,10235.5498
nifty,6/26/20,10378.9004
nifty,6/29/20,10311.9502
nifty,6/30/20,10382.5996
nifty,7/1/20,10323.7998
nifty,7/2/20,10493.0498
nifty,7/3/20,10614.9502
nifty,7/6/20,10723.8496
nifty,7/7/20,10802.8496
nifty,7/8/20,10818.6504
nifty,7/9/20,10755.5498
nifty,7/10/20,10764.0996
nifty,7/13/20,10851.8496
nifty,7/14/20,10750.8496
nifty,7/15/20,10701
nifty,7/16/20,10706.2002
nifty,7/17/20,10752
nifty,7/20/20,10999.4502
nifty,7/21/20,11126.0996
nifty,7/22/20,11231.2002
nifty,7/23/20,11135
nifty,7/24/20,11149.9502
nifty,7/27/20,11225
nifty,7/28/20,11154.0996
nifty,7/29/20,11276.9004
nifty,7/30/20,11254.2998
nifty,7/31/20,11139.5
nifty,8/3/20,11057.5498
nifty,8/4/20,10946.6504
nifty,8/5/20,11155.75
nifty,8/6/20,11185.7002
nifty,8/7/20,11186.6504
nifty,8/10/20,11270.25
nifty,8/11/20,11322.25
nifty,8/12/20,11289
nifty,8/13/20,11334.8496
nifty,8/14/20,11353.2998
nifty,8/17/20,11248.9004
nifty,8/18/20,11259.7998
nifty,8/19/20,11452.1504
nifty,8/20/20,11317.4502
nifty,8/21/20,11409.6504
nifty,8/24/20,11412
nifty,8/25/20,11513.0996
nifty,8/26/20,11512.8496
nifty,8/27/20,11609.2998
nifty,8/28/20,11602.9502
nifty,8/31/20,11777.5498
nifty,9/1/20,11464.2998
nifty,9/2/20,11478.5498
nifty,9/3/20,11566.2002
nifty,9/4/20,11354.4004
nifty,9/7/20,11359.5996
nifty,9/8/20,11378.5498
nifty,9/9/20,11218.5996
nifty,9/10/20,11363.2998
nifty,9/11/20,11447.7998
nifty,9/14/20,11540.1504
nifty,9/15/20,11487.2002
nifty,9/16/20,11538.4502
nifty,9/17/20,11539.4004
nifty,9/18/20,11584.0996
nifty,9/21/20,11503.7998
nifty,9/22/20,11301.75
nifty,9/23/20,11258.75
nifty,9/24/20,11011
nifty,9/25/20,10910.4004
nifty,9/28/20,11140.8496
nifty,9/29/20,11288.5996
nifty,9/30/20,11244.4502
nifty,10/1/20,11364.4502
nifty,10/5/20,11487.7998
nifty,10/6/20,11603.4502
nifty,10/7/20,11679.25
nifty,10/8/20,11835.4004
nifty,10/9/20,11852.0498
nifty,10/12/20,11973.5498
nifty,10/13/20,11934.6504
nifty,10/14/20,11917.4004
nifty,10/15/20,12023.4502
nifty,10/16/20,11727.4004
nifty,10/19/20,11879.2002
nifty,10/20/20,11861
nifty,10/21/20,11958.5498
nifty,10/22/20,11890
nifty,10/23/20,11957.9004
nifty,10/26/20,11937.4004
nifty,10/27/20,11807.0996
nifty,10/28/20,11922.5996
nifty,10/29/20,11633.2998
nifty,10/30/20,11678.4502
nifty,11/2/20,11697.3496
nifty,11/3/20,11734.4502
nifty,11/4/20,11783.3496
nifty,11/5/20,12062.4004
nifty,11/6/20,12156.6504
nifty,11/9/20,12399.4004
nifty,11/10/20,12556.4004
nifty,11/11/20,12680.5996
nifty,11/12/20,12702.1504
nifty,11/13/20,12659.7002
nifty,11/14/20,null
nifty,11/17/20,12932.5
nifty,11/18/20,12860.0996
nifty,11/19/20,12839.5
nifty,11/20/20,12813.4004
nifty,11/23/20,12960.2998
nifty,11/24/20,13002.5996
nifty,11/25/20,13130
nifty,11/26/20,12906.4502
nifty,11/27/20,13012.0498
nifty,12/1/20,13062.2002
nifty,12/2/20,13121.4004
nifty,12/3/20,13215.2998
nifty,12/4/20,13177.4004
nifty,12/7/20,13264.8496
nifty,12/8/20,13393.8496
nifty,12/9/20,13458.0996
nifty,12/10/20,13488.5
nifty,12/11/20,13512.2998
nifty,12/14/20,13571.4502
nifty,12/15/20,13547.2002
nifty,12/16/20,13663.0996
nifty,12/17/20,13713.5498
nifty,12/18/20,13764.4004
nifty,12/21/20,13741.9004
nifty,12/22/20,13373.6504
nifty,12/23/20,13473.5
nifty,12/24/20,13672.1504
nifty,12/28/20,13815.1504
nifty,12/29/20,13910.3496
nifty,12/30/20,13980.9004
nifty,12/31/20,13970
nifty,1/1/21,null
nifty,1/4/21,14104.3496
nifty,1/5/21,14075.1504
nifty,1/6/21,14240.9502
nifty,1/7/21,14253.75
nifty,1/8/21,14258.4004
nifty,1/11/21,14474.0498
nifty,1/12/21,14473.7998
nifty,1/13/21,14639.7998
nifty,1/14/21,14550.0498
nifty,1/15/21,14594.3496
nifty,1/18/21,14453.2998
nifty,1/19/21,14371.6504
nifty,1/20/21,14538.2998
nifty,1/21/21,14730.9502
nifty,1/22/21,14583.4004
nifty,1/25/21,14477.7998
nifty,1/27/21,14237.9502
nifty,1/28/21,13810.4004
nifty,1/29/21,13946.5996
nifty,2/1/21,13758.5996
nifty,2/2/21,14481.0996
nifty,2/3/21,14754.9004
nifty,2/4/21,14789.0498
nifty,2/5/21,14952.5996
nifty,2/8/21,15064.2998
nifty,2/9/21,15164.1504
nifty,2/10/21,15119.0498
nifty,2/11/21,15073.25
nifty,2/12/21,15186.2002
nifty,2/15/21,15270.2998
nifty,2/16/21,15371.4502
nifty,2/17/21,15279.9004
nifty,2/18/21,15238.7002
nifty,2/19/21,15074.7998
nifty,2/22/21,14999.0498
nifty,2/23/21,14782.25
nifty,2/24/21,14729.1504
nifty,2/25/21,15079.8496
nifty,2/26/21,14888.5996
nifty,3/1/21,14702.5
nifty,3/2/21,14865.2998
nifty,3/3/21,15064.4004
nifty,3/4/21,15026.75
nifty,3/5/21,14977.9502
nifty,3/8/21,15002.4502
nifty,3/9/21,15049.9004
nifty,3/10/21,15202.1504
nifty,3/12/21,15321.1504
nifty,3/15/21,15048.4004
nifty,3/16/21,14996.0996
nifty,3/17/21,14946.5498
nifty,3/18/21,14855.5
nifty,3/19/21,14471.1504
nifty,3/22/21,14736.2998
china,1/2/20,28249.3691
china,1/3/20,28828.3594
china,1/6/20,28326.5
china,1/7/20,28352.6797
china,1/8/20,27999.5801
china,1/9/20,28367.6504
china,1/10/20,28665.1406
china,1/13/20,28772.3691
china,1/14/20,29149.5293
china,1/15/20,28891.0703
china,1/16/20,28806.1191
china,1/17/20,28988.1602
china,1/20/20,29169.1191
china,1/21/20,28449.3809
china,1/22/20,28116.5
china,1/23/20,28109.75
china,1/24/20,27935.4199
china,1/29/20,27101.5391
china,1/30/20,27030.6094
china,1/31/20,26757.6094
china,2/3/20,26189.6094
china,2/4/20,26491.6602
china,2/5/20,26869.3203
china,2/6/20,27174.5293
china,2/7/20,27356.2793
china,2/10/20,27092.1504
china,2/11/20,27514.25
china,2/12/20,27717.2207
china,2/13/20,27953.6504
china,2/14/20,27698.5605
china,2/17/20,27766.7109
china,2/18/20,27766.5
china,2/19/20,27486.4609
china,2/20/20,27767.2793
china,2/21/20,27450.4609
china,2/24/20,27105.3496
china,2/25/20,26722.3906
china,2/26/20,26479.9004
china,2/27/20,26529.1699
china,2/28/20,26249.0605
china,3/2/20,26077.7305
china,3/3/20,26419.1309
china,3/4/20,26321.5605
china,3/5/20,26348.1602
china,3/6/20,26397.7793
china,3/9/20,25134.0195
china,3/10/20,25285.6797
china,3/11/20,25459.9609
china,3/12/20,24657.6699
china,3/13/20,22519.3203
china,3/16/20,23317.8105
china,3/17/20,23001.7598
china,3/18/20,23023.3398
china,3/19/20,22221.3809
china,3/20/20,22147.3398
china,3/23/20,21696.1309
china,3/24/20,22497.5703
china,3/25/20,23255.9102
china,3/26/20,23604.8301
china,3/27/20,23768.4102
china,3/30/20,23020.8496
china,3/31/20,23613.2695
china,4/1/20,23365.9004
china,4/2/20,22838.6699
china,4/3/20,23072.9492
china,4/6/20,23558.8301
china,4/7/20,24093.0508
china,4/8/20,24191.3203
china,4/9/20,24181.3203
china,4/14/20,24347.6094
china,4/15/20,24499.8594
china,4/16/20,24025.4492
china,4/17/20,24457.8301
china,4/20/20,24503.5605
china,4/21/20,24247.8398
china,4/22/20,23540.5391
china,4/23/20,23983.6504
china,4/24/20,23844.5508
china,4/27/20,24030.6602
china,4/28/20,24401.1191
china,4/29/20,24786.0195
china,5/4/20,23895.1094
china,5/5/20,23755.7695
china,5/6/20,23868.0195
china,5/7/20,24120.8105
china,5/8/20,24193.3594
china,5/11/20,24470.1797
china,5/12/20,24358
china,5/13/20,24111.6699
china,5/14/20,24038.0703
china,5/15/20,23834.6797
china,5/18/20,23736.6699
china,5/19/20,24489.5508
china,5/20/20,24462.9004
china,5/21/20,24528.9102
china,5/22/20,23756.9102
china,5/25/20,22725.6992
china,5/26/20,23198.3398
china,5/27/20,23515.1406
china,5/28/20,23206.75
china,5/29/20,22781.1094
china,6/1/20,23539.9102
china,6/2/20,23792.2402
china,6/3/20,24303.5605
china,6/4/20,24643.8398
china,6/5/20,24388.1797
china,6/8/20,25018.0508
china,6/9/20,24906.0098
china,6/10/20,25179.0293
china,6/11/20,24997.8398
china,6/12/20,23920.6992
china,6/15/20,23991.3809
china,6/16/20,24318.1504
china,6/17/20,24363.3906
china,6/18/20,24386.3105
china,6/19/20,24373.3594
china,6/22/20,24528.5293
china,6/23/20,24541.4395
china,6/24/20,25034.8691
china,6/26/20,24697.9805
china,6/29/20,24627.6406
china,6/30/20,24468.2402
china,7/2/20,24563.5703
china,7/3/20,25319.2793
china,7/6/20,25545.5391
china,7/7/20,26571.0801
china,7/8/20,26078.6094
china,7/9/20,26351.1309
china,7/10/20,25931.7793
china,7/13/20,25848.8008
china,7/14/20,25663.1602
china,7/15/20,25888.7793
china,7/16/20,25549.4004
china,7/17/20,25142.0605
china,7/20/20,25019.5996
china,7/21/20,25427.0605
china,7/22/20,25575.25
china,7/23/20,25235.9004
china,7/24/20,25040.7598
china,7/27/20,24909.9609
china,7/28/20,24942.7402
china,7/29/20,24710.5098
china,7/30/20,24979.2402
china,7/31/20,24747.2891
china,8/3/20,24566.8105
china,8/4/20,24664.5996
china,8/5/20,25029.3906
china,8/6/20,25201.4395
china,8/7/20,24909.3691
china,8/10/20,24376.8203
china,8/11/20,24662.0391
china,8/12/20,24868.6309
china,8/13/20,25490.0195
china,8/14/20,25072.4492
china,8/17/20,25212.2793
china,8/18/20,25470.9707
china,8/19/20,25359.0293
china,8/20/20,25055.3496
china,8/21/20,25007.1309
china,8/24/20,25352.7891
china,8/25/20,25586.9902
china,8/26/20,25520.4102
china,8/27/20,25469.7695
china,8/28/20,25330.7695
china,8/31/20,25732.4902
china,9/1/20,25085.6699
china,9/2/20,25239.8594
china,9/3/20,25026.9902
china,9/4/20,24668.8008
china,9/7/20,24621.0195
china,9/8/20,24785.2598
china,9/9/20,24295.4199
china,9/10/20,24584.9395
china,9/11/20,24352.6309
china,9/14/20,24569.0293
china,9/15/20,24621.6504
china,9/16/20,24823.9609
china,9/17/20,24676.4102
china,9/18/20,24381.1309
china,9/21/20,24483.9102
china,9/22/20,23839.6699
china,9/23/20,23701.1191
china,9/24/20,23537.8301
china,9/25/20,23425.75
china,9/28/20,23284.0898
china,9/29/20,23584.6094
china,9/30/20,23548.8906
china,10/5/20,24039.3906
china,10/6/20,23895.2109
china,10/7/20,23999.7891
china,10/8/20,24263.3301
china,10/9/20,24343.8105
china,10/12/20,24217.25
china,10/14/20,24808.8496
china,10/15/20,24533.75
china,10/16/20,24194.4102
china,10/19/20,24565.4297
china,10/20/20,24571.6406
china,10/21/20,24695.5391
china,10/22/20,24696.3105
china,10/23/20,24773.1191
china,10/27/20,24839.9707
china,10/28/20,24773.5391
china,10/29/20,24290.0098
china,10/30/20,24535.9004
china,11/2/20,24274.8301
china,11/3/20,24689.5605
china,11/4/20,24790
china,11/5/20,25500.9102
china,11/6/20,25750.7793
china,11/9/20,26157.7695
china,11/10/20,26474.0391
china,11/11/20,26226.8008
china,11/12/20,26409.3398
china,11/13/20,26114.5996
china,11/16/20,26362.0703
china,11/17/20,26515.0898
china,11/18/20,26434.2402
china,11/19/20,26460.6094
china,11/20/20,26406.8691
china,11/23/20,26659.7891
china,11/24/20,26630.3398
china,11/25/20,26819.9609
china,11/26/20,26695.25
china,11/27/20,26758.4902
china,11/30/20,26853.3906
china,12/1/20,26422.7109
china,12/2/20,26670.1191
china,12/3/20,26623.4199
china,12/4/20,26811.5898
china,12/7/20,26870.5801
china,12/8/20,26460.3496
china,12/9/20,26510.4199
china,12/10/20,26335.2598
china,12/11/20,26634.2109
china,12/14/20,26522.0996
china,12/15/20,26418.9297
china,12/16/20,26421.2109
china,12/17/20,26608.4395
china,12/18/20,26650.4902
china,12/21/20,26422.6191
china,12/22/20,26260.7793
china,12/23/20,26083.1094
china,12/24/20,26342.8691
china,12/28/20,26288.3691
china,12/29/20,26490.4492
china,12/30/20,26695.1094
china,12/31/20,27194.7891
china,1/4/21,27087.1309
china,1/5/21,27281.3398
china,1/6/21,27613.3398
china,1/7/21,27715.9395
china,1/8/21,27630.0293
china,1/11/21,28003.9805
china,1/12/21,27894.2891
china,1/13/21,28309.3203
china,1/14/21,28408.1191
china,1/15/21,28394.3691
china,1/18/21,28454.5898
china,1/19/21,29100.1699
china,1/20/21,29794.4102
china,1/21/21,29951.7793
china,1/22/21,29809.2305
china,1/25/21,29677.3008
china,1/26/21,29892.8496
china,1/27/21,29556.5801
china,1/28/21,28914.8496
china,1/29/21,28826.1797
china,2/1/21,28457.8496
china,2/2/21,29378.1191
china,2/3/21,29305.4102
china,2/4/21,29093.5391
china,2/5/21,29305.0898
china,2/8/21,29629.0801
china,2/9/21,29442.5
china,2/10/21,29796.1895
china,2/11/21,29995.2793
china,2/16/21,30675.8203
china,2/17/21,30636.3691
china,2/18/21,31183.3594
china,2/19/21,30483.4609
china,2/22/21,31071.6094
china,2/23/21,30189.9707
china,2/24/21,30702.6504
china,2/25/21,30174.2207
china,2/26/21,29412.1309
china,3/1/21,29457.8906
china,3/2/21,29708.3906
china,3/3/21,29249.4297
china,3/4/21,29525.4805
china,3/5/21,28667.1406
china,3/8/21,29362.5898
china,3/9/21,28665.2598
china,3/10/21,29255.3691
china,3/11/21,28909.9805
china,3/12/21,29550.3691
china,3/15/21,28923.9492
china,3/16/21,29036.8203
china,3/17/21,28992.2402
china,3/18/21,29317.6094
china,3/19/21,29158.4805
china,3/22/21,28801.0898
china,3/23/21,29008.0195
china,3/24/21,28437.4902
china,3/25/21,27628.0801
china,3/26/21,28043.6504
china,3/29/21,28317.3203
china,3/30/21,28552.7695
china,3/31/21,28802.5293
china,4/1/21,28594.5508
china,4/7/21,29101.4004
china,4/8/21,28604.1191
china,4/9/21,29152.4395
china,4/12/21,28791.9707
china,4/13/21,28557.8398
china,4/14/21,28796.5508
china,4/15/21,28872.8203
china,4/16/21,28827.1699
italy,2/11/20,24617
italy,2/12/20,24738
italy,2/13/20,24769
italy,2/14/20,24942
italy,2/17/20,24962
italy,2/18/20,24986
italy,2/19/20,25353
italy,2/20/20,25415
italy,2/21/20,24979
italy,2/24/20,23919
italy,2/25/20,23586
italy,2/26/20,22961
italy,2/27/20,22969
italy,2/28/20,22059
italy,3/2/20,22333
italy,3/3/20,22116
italy,3/4/20,21740
italy,3/5/20,22012
italy,3/6/20,20987
italy,3/9/20,20781
italy,3/10/20,18654
italy,3/11/20,18172
italy,3/12/20,17654
italy,3/13/20,15108
italy,3/16/20,15697
italy,3/17/20,15420
italy,3/18/20,14986
italy,3/19/20,15417
italy,3/20/20,15773
italy,3/23/20,15318
italy,3/24/20,15978
italy,3/25/20,17247
italy,3/26/20,16877
italy,3/27/20,17039
italy,3/30/20,16856
italy,3/31/20,17097
italy,4/1/20,16600
italy,4/2/20,16660
italy,4/3/20,16742
italy,4/6/20,16769
italy,4/7/20,17588
italy,4/8/20,17212
italy,4/9/20,17686
italy,4/14/20,17822
italy,4/15/20,17455
italy,4/16/20,17003
italy,4/17/20,17153
italy,4/20/20,17144
italy,4/21/20,16812
italy,4/22/20,16615
italy,4/23/20,16925
italy,4/24/20,16640
italy,4/27/20,17313
italy,4/28/20,17428
italy,4/29/20,17616
italy,4/30/20,18209
italy,5/4/20,17157
italy,5/5/20,17289
italy,5/6/20,17368
italy,5/7/20,17256
italy,5/8/20,17416
italy,5/11/20,17602
italy,5/12/20,17394
italy,5/13/20,17354
italy,5/14/20,17066
italy,5/15/20,17055
italy,5/18/20,16998
italy,5/19/20,17579
italy,5/20/20,16990
italy,5/21/20,16987
italy,5/22/20,16905
italy,5/25/20,17451
italy,5/26/20,17796
italy,5/27/20,17861
italy,5/28/20,18081
italy,5/29/20,18193
italy,6/1/20,18437
italy,6/2/20,18676
italy,6/3/20,19204
italy,6/4/20,19520
italy,6/5/20,19904
italy,6/8/20,20133
italy,6/9/20,20243
italy,6/10/20,20096
italy,6/11/20,19222
italy,6/12/20,18573
italy,6/15/20,18303
italy,6/16/20,19383
italy,6/17/20,19670
italy,6/18/20,19562
italy,6/19/20,19601
italy,6/22/20,19402
italy,6/23/20,19626
italy,6/24/20,19778
italy,6/25/20,19101
italy,6/26/20,19442
italy,6/29/20,19159
italy,6/30/20,19517
italy,7/1/20,19452
italy,7/2/20,19531
italy,7/3/20,19941
italy,7/6/20,20121
italy,7/7/20,19938
italy,7/8/20,19914
italy,7/9/20,19993
italy,7/10/20,19395
italy,7/13/20,20063
italy,7/14/20,19799
italy,7/15/20,20046
italy,7/16/20,20207
italy,7/17/20,20414
italy,7/20/20,20327
italy,7/21/20,20899
italy,7/22/20,20689
italy,7/23/20,20664
italy,7/24/20,20155
italy,7/27/20,20034
italy,7/28/20,20022
italy,7/29/20,19895
italy,7/30/20,19926
italy,7/31/20,19342
italy,8/3/20,19137
italy,8/4/20,19532
italy,8/5/20,19766
italy,8/6/20,19702
italy,8/7/20,19429
italy,8/10/20,19570
italy,8/11/20,19850
italy,8/12/20,20172
italy,8/13/20,20383
italy,8/14/20,20159
italy,8/17/20,20101
italy,8/18/20,19845
italy,8/19/20,19833
italy,8/20/20,19827
italy,8/21/20,19846
italy,8/24/20,19908
italy,8/25/20,20256
italy,8/26/20,19971
italy,8/27/20,20131
italy,8/28/20,19953
italy,8/31/20,19972
italy,9/1/20,19776
italy,9/2/20,19713
italy,9/3/20,20009
italy,9/4/20,19466
italy,9/7/20,19530
italy,9/8/20,19808
italy,9/9/20,19365
italy,9/10/20,19786
italy,9/11/20,19790
italy,9/14/20,19943
italy,9/15/20,19831
italy,9/16/20,19982
italy,9/17/20,19646
italy,9/18/20,19685
italy,9/21/20,19408
italy,9/22/20,18945
italy,9/23/20,19080
italy,9/24/20,18653
italy,9/25/20,18936
italy,9/28/20,18953
italy,9/29/20,19132
italy,9/30/20,18886
italy,10/1/20,19177
italy,10/2/20,18834
italy,10/5/20,19208
italy,10/6/20,19333
italy,10/7/20,19410
italy,10/8/20,19536
italy,10/9/20,19592
italy,10/12/20,19643
italy,10/13/20,19722
italy,10/14/20,19576
italy,10/15/20,19380
italy,10/16/20,19203
italy,10/19/20,19476
italy,10/20/20,19323
italy,10/21/20,19526
italy,10/22/20,19086
italy,10/23/20,19082
italy,10/26/20,18942
italy,10/27/20,19011
italy,10/28/20,18297
italy,10/29/20,17965
italy,10/30/20,17683
italy,11/2/20,17968
italy,11/3/20,18536
italy,11/4/20,18673
italy,11/5/20,19490
italy,11/6/20,19686
italy,11/9/20,20011
italy,11/10/20,20788
italy,11/11/20,20958
italy,11/12/20,20826
italy,11/13/20,20707
italy,11/16/20,21145
italy,11/17/20,21307
italy,11/18/20,21421
italy,11/19/20,21486
italy,11/20/20,21522
italy,11/23/20,21871
italy,11/24/20,21985
italy,11/25/20,22281
italy,11/26/20,22385
italy,11/27/20,22173
italy,11/30/20,22210
italy,12/1/20,22193
italy,12/2/20,22020
italy,12/3/20,22019
italy,12/4/20,22030
italy,12/7/20,22130
italy,12/8/20,22064
italy,12/9/20,22215
italy,12/10/20,22032
italy,12/11/20,21857
italy,12/14/20,21863
italy,12/15/20,21718
italy,12/16/20,21995
italy,12/17/20,22079
italy,12/18/20,21919
italy,12/21/20,21470
italy,12/22/20,21491
italy,12/23/20,21970
italy,12/28/20,22308
italy,12/29/20,22389
italy,12/30/20,22303
italy,1/4/21,22398
italy,1/5/21,22223
italy,1/6/21,22364
italy,1/7/21,22824
italy,1/8/21,22946
italy,1/11/21,22704
italy,1/12/21,22787
italy,1/13/21,22611
italy,1/14/21,22743
italy,1/15/21,22633
italy,1/18/21,22258
italy,1/19/21,22636
italy,1/20/21,22570
italy,1/21/21,22790
italy,1/22/21,22253
italy,1/25/21,22237
italy,1/26/21,21710
italy,1/27/21,21923
italy,1/28/21,21470
italy,1/29/21,21570
italy,2/1/21,21737
italy,2/2/21,21957
italy,2/3/21,22444
italy,2/4/21,22562
italy,2/5/21,22988
italy,2/8/21,23281
italy,2/9/21,23482
italy,2/10/21,23413
italy,2/11/21,23288
italy,2/12/21,23291
italy,2/15/21,23629
italy,2/16/21,23631
italy,2/17/21,23384
italy,2/18/21,23196
italy,2/19/21,22935
italy,2/22/21,23000
italy,2/23/21,23102
italy,2/24/21,22904
italy,2/25/21,23265
italy,2/26/21,22724
italy,3/1/21,23123
italy,3/2/21,23177
italy,3/3/21,23218
italy,3/4/21,22955
italy,3/5/21,22955
italy,3/8/21,23174
italy,3/9/21,23691
italy,3/10/21,23794
italy,3/11/21,24024
italy,3/12/21,24098
italy,3/15/21,24217
italy,3/16/21,24256
italy,3/17/21,24277
italy,3/18/21,24434
italy,3/19/21,24014
italy,3/22/21,24075
italy,3/23/21,24213
italy,3/24/21,23970
italy,3/25/21,24149
italy,3/26/21,24390
italy,3/29/21,24426
italy,3/30/21,24537
italy,3/31/21,24677
italy,4/1/21,24731
italy,4/6/21,24926
italy,4/7/21,24762
italy,4/8/21,24855
italy,4/9/21,24614
italy,4/12/21,24404
italy,4/13/21,24486
italy,4/14/21,24631
italy,4/15/21,24601
italy,4/16/21,24555