location,date,total_cases,new_cases,total_deaths,new_deaths
China,1/23/2020,643,95,18,1
China,1/24/2020,920,277,26,8
China,1/25/2020,1406,486,42,16
China,1/26/2020,2075,669,56,14
China,1/27/2020,2877,802,82,26
China,1/28/2020,5509,2632,131,49
China,1/29/2020,6087,578,133,2
China,1/30/2020,8141,2054,171,38
China,1/31/2020,9802,1661,213,42
China,2/1/2020,11891,2089,259,46
China,2/2/2020,16630,4739,361,102
China,2/3/2020,19716,3086,425,64
China,2/4/2020,23707,3991,491,66
China,2/5/2020,27440,3733,563,72
China,2/6/2020,30587,3147,633,70
China,2/7/2020,34110,3523,718,85
China,2/8/2020,36814,2704,805,87
China,2/9/2020,39829,3015,905,100
China,2/10/2020,42354,2525,1012,107
China,2/11/2020,44386,2032,1112,100
China,2/12/2020,44759,373,1117,5
China,2/13/2020,59895,15136,1369,252
China,2/14/2020,66358,6463,1521,152
China,2/15/2020,68413,2055,1663,142
China,2/16/2020,70513,2100,1766,103
China,2/17/2020,72434,1921,1864,98
China,2/18/2020,74211,1777,2003,139
China,2/19/2020,74619,408,2116,113
China,2/20/2020,75077,458,2238,122
China,2/21/2020,75550,473,2238,0
China,2/22/2020,77001,1451,2443,205
China,2/23/2020,77022,21,2445,2
China,2/24/2020,77241,219,2595,150
China,2/25/2020,77754,513,2665,70
China,2/26/2020,78166,412,2717,52
China,2/27/2020,78600,434,2746,29
China,2/28/2020,78928,328,2790,44
China,2/29/2020,79356,428,2837,47
China,3/1/2020,79932,576,2872,35
China,3/2/2020,80136,204,2914,42
China,3/3/2020,80261,125,2947,33
China,3/4/2020,80386,125,2983,36
China,3/5/2020,80537,151,3015,32
China,3/6/2020,80690,153,3044,29
China,3/7/2020,80770,80,3072,28
China,3/8/2020,80823,53,3100,28
China,3/9/2020,80860,37,3123,23
China,3/10/2020,80887,27,3139,16
China,3/11/2020,80921,34,3161,22
China,3/12/2020,80932,11,3172,11
China,3/13/2020,80945,13,3180,8
China,3/14/2020,80977,32,3193,13
China,3/15/2020,81003,26,3203,10
China,3/16/2020,81033,30,3217,14
China,3/17/2020,81058,25,3230,13
China,3/18/2020,81102,44,3241,11
China,3/19/2020,81156,54,3249,8
China,3/20/2020,81250,94,3253,4
China,3/21/2020,81305,55,3259,6
China,3/22/2020,81435,130,3274,15
China,3/23/2020,81498,63,3274,0
China,3/24/2020,81591,93,3281,7
China,3/25/2020,81661,70,3285,4
China,3/26/2020,81782,121,3291,6
China,3/27/2020,81897,115,3296,5
China,3/28/2020,81999,102,3299,3
China,3/29/2020,82122,123,3304,5
China,3/30/2020,82198,76,3308,4
China,3/31/2020,82279,81,3309,1
China,4/1/2020,82361,82,3316,7
China,4/2/2020,82432,71,3322,6
China,4/3/2020,82511,79,3326,4
China,4/4/2020,82543,32,3330,4
China,4/5/2020,82602,59,3333,3
China,4/6/2020,82665,63,3335,2
China,4/7/2020,82718,53,3335,0
China,4/8/2020,82809,91,3337,2
China,4/9/2020,82883,74,3339,2
China,4/10/2020,82941,58,3340,1
China,4/11/2020,83014,73,3343,3
China,4/12/2020,83134,120,3343,0
China,4/13/2020,83213,79,3345,2
China,4/14/2020,83306,93,3345,0
China,4/15/2020,83356,50,3346,1
China,4/16/2020,83403,47,3346,0
China,4/17/2020,83760,357,4636,1290
China,4/18/2020,83787,27,4636,0
China,4/19/2020,83805,18,4636,0
China,4/20/2020,83817,12,4636,0
China,4/21/2020,83853,36,4636,0
China,4/22/2020,83868,15,4636,0
China,4/23/2020,83884,16,4636,0
China,4/24/2020,83899,15,4636,0
China,4/25/2020,83909,10,4636,0
China,4/26/2020,83912,3,4637,1
China,4/27/2020,83918,6,4637,0
China,4/28/2020,83940,22,4637,0
China,4/29/2020,83944,4,4637,0
China,4/30/2020,83956,12,4637,0
China,5/1/2020,83959,3,4637,0
China,5/2/2020,83959,0,4637,0
China,5/3/2020,83964,5,4637,0
China,5/4/2020,83966,2,4637,0
China,5/5/2020,83968,2,4637,0
China,5/6/2020,83970,2,4637,0
China,5/7/2020,83975,5,4637,0
China,5/8/2020,83976,1,4637,0
China,5/9/2020,83990,14,4637,0
China,5/10/2020,84010,20,4637,0
China,5/11/2020,84011,1,4637,0
China,5/12/2020,84018,7,4637,0
China,5/13/2020,84024,6,4637,0
China,5/14/2020,84029,5,4637,0
China,5/15/2020,84038,9,4637,0
China,5/16/2020,84044,6,4638,1
China,5/17/2020,84054,10,4638,0
China,5/18/2020,84063,9,4638,0
China,5/19/2020,84063,0,4638,0
China,5/20/2020,84063,0,4638,0
China,5/21/2020,84063,0,4638,0
China,5/22/2020,84081,18,4638,0
China,5/23/2020,84084,3,4638,0
China,5/24/2020,84095,11,4638,0
China,5/25/2020,84102,7,4638,0
China,5/26/2020,84103,1,4638,0
China,5/27/2020,84106,3,4638,0
China,5/28/2020,84106,0,4638,0
China,5/29/2020,84123,17,4638,0
China,5/30/2020,84128,5,4638,0
China,5/31/2020,84146,18,4638,0
China,6/1/2020,84154,8,4638,0
China,6/2/2020,84161,7,4638,0
China,6/3/2020,84160,-1,4638,0
China,6/4/2020,84171,11,4638,0
China,6/5/2020,84177,6,4638,0
China,6/6/2020,84186,9,4638,0
China,6/7/2020,84191,5,4638,0
China,6/8/2020,84195,4,4638,0
China,6/9/2020,84198,3,4638,0
China,6/10/2020,84209,11,4638,0
China,6/11/2020,84216,7,4638,0
China,6/12/2020,84228,12,4638,0
China,6/13/2020,84286,58,4638,0
China,6/14/2020,84335,49,4638,0
China,6/15/2020,84378,43,4638,0
China,6/16/2020,84422,44,4638,0
China,6/17/2020,84458,36,4638,0
China,6/18/2020,84494,36,4638,0
China,6/19/2020,84494,0,4638,0
China,6/20/2020,84553,59,4639,1
China,6/21/2020,84572,19,4639,0
China,6/22/2020,84624,52,4639,0
China,6/23/2020,84653,29,4640,1
China,6/24/2020,84673,20,4640,0
China,6/25/2020,84701,28,4641,1
China,6/26/2020,84725,24,4641,0
China,6/27/2020,84743,18,4641,0
China,6/28/2020,84757,14,4641,0
China,6/29/2020,84780,23,4641,0
China,6/30/2020,84785,5,4641,0
China,7/1/2020,84816,31,4641,0
China,7/2/2020,84830,14,4641,0
China,7/3/2020,84838,8,4641,0
China,7/4/2020,84857,19,4641,0
China,7/5/2020,84871,14,4641,0
China,7/6/2020,84889,18,4641,0
China,7/7/2020,84917,28,4641,0
China,7/8/2020,84950,33,4641,0
China,7/9/2020,84992,42,4641,0
China,7/10/2020,84992,0,4641,0
China,7/11/2020,85071,79,4641,0
China,7/12/2020,85117,46,4641,0
China,7/13/2020,85117,0,4641,0
China,7/14/2020,85226,109,4642,1
China,7/15/2020,85246,20,4644,2
China,7/16/2020,85327,81,4644,0
China,7/17/2020,85402,75,4645,1
China,7/18/2020,85418,16,4646,1
China,7/19/2020,85503,85,4646,0
China,7/20/2020,85622,119,4646,0
China,7/21/2020,85708,86,4648,2
China,7/22/2020,85906,198,4648,0
China,7/23/2020,86045,139,4649,1
China,7/24/2020,86202,157,4650,1
China,7/25/2020,86381,179,4652,2
China,7/26/2020,86570,189,4652,0
China,7/27/2020,86783,213,4656,4
China,7/28/2020,86990,207,4657,1
China,7/29/2020,87213,223,4658,1
China,7/30/2020,87489,276,4659,1
China,7/31/2020,87655,166,4661,2
China,8/1/2020,87827,172,4667,6
China,8/2/2020,87985,158,4669,2
China,8/3/2020,88099,114,4672,3
China,8/4/2020,88206,107,4676,4
China,8/5/2020,88328,122,4677,1
China,8/6/2020,88460,132,4680,3
China,8/7/2020,88580,120,4681,1
China,8/8/2020,88672,92,4681,0
China,8/9/2020,88793,121,4686,5
China,8/10/2020,88906,113,4689,3
China,8/11/2020,88958,52,4693,4
China,8/12/2020,89045,87,4697,4
China,8/13/2020,89144,99,4700,3
China,8/14/2020,89214,70,4701,1
China,8/15/2020,89279,65,4703,2
China,8/16/2020,89375,96,4703,0
China,8/17/2020,89441,66,4703,0
China,8/18/2020,89494,53,4705,2
China,8/19/2020,89527,33,4706,1
China,8/20/2020,89567,40,4709,3
China,8/21/2020,89616,49,4709,0
China,8/22/2020,89654,38,4711,2
China,8/23/2020,89695,41,4711,0
China,8/24/2020,89718,23,4711,0
China,8/25/2020,89752,34,4712,1
China,8/26/2020,89784,32,4713,1
China,8/27/2020,89814,30,4715,2
China,8/28/2020,89836,22,4718,3
China,8/29/2020,89863,27,4721,3
China,8/30/2020,89895,32,4722,1
China,8/31/2020,89914,19,4723,1
China,9/1/2020,89933,19,4724,1
China,9/2/2020,89953,20,4727,3
China,9/3/2020,89986,33,4728,1
China,9/4/2020,90008,22,4728,0
China,9/5/2020,90025,17,4728,0
China,9/6/2020,90058,33,4730,2
China,9/7/2020,90078,20,4732,2
China,9/8/2020,90087,9,4733,1
China,9/9/2020,90100,13,4733,0
China,9/10/2020,90127,27,4733,0
China,9/11/2020,90145,18,4733,0
China,9/12/2020,90168,23,4734,1
China,9/13/2020,90197,29,4734,0
China,9/14/2020,90219,22,4735,1
China,9/15/2020,90235,16,4736,1
China,9/16/2020,90253,18,4736,0
China,9/17/2020,90294,41,4736,0
China,9/18/2020,90311,17,4737,1
China,9/19/2020,90334,23,4737,0
China,9/20/2020,90369,35,4737,0
China,9/21/2020,90381,12,4737,0
China,9/22/2020,90399,18,4737,0
China,9/23/2020,90409,10,4738,1
China,9/24/2020,90424,15,4738,0
China,9/25/2020,90441,17,4739,1
China,9/26/2020,90456,15,4739,0
China,9/27/2020,90483,27,4739,0
China,9/28/2020,90505,22,4739,0
China,9/29/2020,90528,23,4739,0
China,9/30/2020,90545,17,4739,0
China,10/1/2020,90567,22,4739,0
China,10/2/2020,90584,17,4739,0
China,10/3/2020,90604,20,4739,0
China,10/4/2020,90629,25,4739,0
China,10/5/2020,90652,23,4739,0
China,10/6/2020,90667,15,4739,0
China,10/7/2020,90687,20,4739,0
China,10/8/2020,90728,41,4739,0
China,10/9/2020,90751,23,4739,0
China,10/10/2020,90778,27,4739,0
China,10/11/2020,90812,34,4739,0
China,10/12/2020,90830,18,4739,0
China,10/13/2020,90858,28,4739,0
China,10/14/2020,90869,11,4739,0
China,10/15/2020,90905,36,4739,0
China,10/16/2020,90925,20,4739,0
China,10/17/2020,90955,30,4739,0
China,10/18/2020,90972,17,4739,0
China,10/19/2020,91006,34,4739,0
China,10/20/2020,91022,16,4739,0
China,10/21/2020,91044,22,4739,0
China,10/22/2020,91073,29,4739,0
China,10/23/2020,91108,35,4739,0
China,10/24/2020,91128,20,4739,0
China,10/25/2020,91151,23,4739,0
China,10/26/2020,91175,24,4739,0
China,10/27/2020,91222,47,4739,0
China,10/28/2020,91271,49,4739,0
China,10/29/2020,91299,28,4739,0
China,10/30/2020,91339,40,4739,0
China,10/31/2020,91366,27,4739,0
China,11/1/2020,91397,31,4739,0
China,11/2/2020,91452,55,4739,0
China,11/3/2020,91478,26,4739,0
China,11/4/2020,91509,31,4740,1
China,11/5/2020,91552,43,4741,1
China,11/6/2020,91591,39,4741,0
China,11/7/2020,91622,31,4741,0
China,11/8/2020,91665,43,4741,0
China,11/9/2020,91693,28,4741,0
China,11/10/2020,91719,26,4742,1
China,11/11/2020,91752,33,4742,0
China,11/12/2020,91783,31,4742,0
China,11/13/2020,91807,24,4742,0
China,11/14/2020,91828,21,4742,0
China,11/15/2020,91850,22,4742,0
China,11/16/2020,91872,22,4742,0
China,11/17/2020,91885,13,4742,0
China,11/18/2020,91906,21,4742,0
China,11/19/2020,91935,29,4742,0
China,11/20/2020,91977,42,4742,0
China,11/21/2020,92037,60,4742,0
China,11/22/2020,92116,79,4742,0
China,11/23/2020,92211,95,4742,0
China,11/24/2020,92296,85,4742,0
China,11/25/2020,92402,106,4742,0
China,11/26/2020,92488,86,4742,0
China,11/27/2020,92586,98,4742,0
China,11/28/2020,92681,95,4743,1
China,11/29/2020,92814,133,4743,0
China,11/30/2020,92902,88,4743,0
China,12/1/2020,92993,91,4743,0
China,12/2/2020,93113,120,4744,1
China,12/3/2020,93221,108,4745,1
China,12/4/2020,93348,127,4746,1
China,12/5/2020,93467,119,4746,0
China,12/6/2020,93577,110,4746,0
China,12/7/2020,93670,93,4746,0
China,12/8/2020,93782,112,4746,0
China,12/9/2020,93898,116,4748,2
China,12/10/2020,94025,127,4748,0
China,12/11/2020,94124,99,4748,0
China,12/12/2020,94217,93,4749,1
China,12/13/2020,94328,111,4751,2
China,12/14/2020,94427,99,4754,3
China,12/15/2020,94537,110,4757,3
China,12/16/2020,94626,89,4757,0
China,12/17/2020,94734,108,4759,2
China,12/18/2020,94821,87,4763,4
China,12/19/2020,94953,132,4763,0
China,12/20/2020,95050,97,4764,1
China,12/21/2020,95150,100,4765,1
China,12/22/2020,95228,78,4766,1
China,12/23/2020,95298,70,4767,1
China,12/24/2020,95383,85,4769,2
China,12/25/2020,95460,77,4770,1
China,12/26/2020,95541,81,4770,0
China,12/27/2020,95632,91,4771,1
China,12/28/2020,95720,88,4775,4
China,12/29/2020,95797,77,4777,2
China,12/30/2020,95876,79,4781,4
China,12/31/2020,95963,87,4782,1
China,1/1/2021,96023,60,4782,0
China,1/2/2021,96086,63,4784,2
China,1/3/2021,96160,74,4784,0
China,1/4/2021,96246,86,4787,3
China,1/5/2021,96310,64,4787,0
China,1/6/2021,96398,88,4788,1
China,1/7/2021,96484,86,4788,0
China,1/8/2021,96562,78,4789,1
China,1/9/2021,96690,128,4791,2
China,1/10/2021,96824,134,4792,1
China,1/11/2021,96920,96,4793,1
China,1/12/2021,97095,175,4794,1
China,1/13/2021,97275,180,4796,2
China,1/14/2021,97448,173,4796,0
China,1/15/2021,97616,168,4796,0
China,1/16/2021,97775,159,4797,1
China,1/17/2021,97939,164,4797,0
China,1/18/2021,98164,225,4798,1
China,1/19/2021,98323,159,4800,2
China,1/20/2021,98544,221,4801,1
China,1/21/2021,98786,242,4803,2
China,1/22/2021,98886,100,4803,0
China,1/23/2021,99047,161,4803,0
China,1/24/2021,99247,200,4804,1
China,1/25/2021,99402,155,4807,3
China,1/26/2021,99541,139,4809,2
China,1/27/2021,99655,114,4811,2
China,1/28/2021,99746,91,4813,2
China,1/29/2021,99848,102,4814,1
China,1/30/2021,99968,120,4815,1
China,1/31/2021,100063,95,4817,2
China,2/1/2021,100127,64,4818,1
China,2/2/2021,100177,50,4820,2
China,2/3/2021,100226,49,4821,1
China,2/4/2021,100268,42,4822,1
China,2/5/2021,100318,50,4822,0
China,2/6/2021,100348,30,4822,0
China,2/7/2021,100389,41,4822,0
China,2/8/2021,100435,46,4822,0
China,2/9/2021,100475,40,4824,2
China,2/10/2021,100494,19,4825,1
China,2/11/2021,100527,33,4827,2
China,2/12/2021,100559,32,4828,1
China,2/13/2021,100578,19,4829,1
China,2/14/2021,100599,21,4829,0
China,2/15/2021,100624,25,4829,0
China,2/16/2021,100639,15,4831,2
China,2/17/2021,100666,27,4833,2
China,2/18/2021,100684,18,4833,0
China,2/19/2021,100705,21,4833,0
China,2/20/2021,100727,22,4833,0
China,2/21/2021,100758,31,4833,0
China,2/22/2021,100784,26,4833,0
China,2/23/2021,100807,23,4833,0
China,2/24/2021,100832,25,4834,1
China,2/25/2021,100851,19,4834,0
China,2/26/2021,100885,34,4834,0
China,2/27/2021,100924,39,4834,0
China,2/28/2021,100965,41,4835,1
China,3/1/2021,100990,25,4836,1
China,3/2/2021,101013,23,4836,0
China,3/3/2021,101037,24,4836,0
China,3/4/2021,101055,18,4837,1
China,3/5/2021,101074,19,4837,0
China,3/6/2021,101097,23,4838,1
China,3/7/2021,101132,35,4838,0
China,3/8/2021,101149,17,4838,0
China,3/9/2021,101175,26,4838,0
China,3/10/2021,101194,19,4839,1
China,3/11/2021,101225,31,4839,0
China,3/12/2021,101292,67,4839,0
China,3/13/2021,101349,57,4839,0
China,3/14/2021,101378,29,4839,0
China,3/15/2021,101421,43,4839,0
China,3/16/2021,101443,22,4839,0
China,3/17/2021,101460,17,4839,0
China,3/18/2021,101481,21,4839,0
China,3/19/2021,101498,17,4839,0
China,3/20/2021,101518,20,4839,0
China,3/21/2021,101533,15,4839,0
China,3/22/2021,101560,27,4839,0
India,3/11/2020,62,6,1,1
India,3/12/2020,73,11,1,0
India,3/13/2020,82,9,2,1
India,3/14/2020,102,20,2,0
India,3/15/2020,113,11,2,0
India,3/16/2020,119,6,2,0
India,3/17/2020,142,23,3,1
India,3/18/2020,156,14,3,0
India,3/19/2020,194,38,4,1
India,3/20/2020,244,50,5,1
India,3/21/2020,330,86,4,-1
India,3/22/2020,396,66,7,3
India,3/23/2020,499,103,10,3
India,3/24/2020,536,37,10,0
India,3/25/2020,657,121,12,2
India,3/26/2020,727,70,20,8
India,3/27/2020,887,160,20,0
India,3/28/2020,987,100,24,4
India,3/29/2020,1024,37,27,3
India,3/30/2020,1251,227,32,5
India,3/31/2020,1397,146,35,3
India,4/1/2020,1998,601,58,23
India,4/2/2020,2543,545,72,14
India,4/3/2020,2567,24,72,0
India,4/4/2020,3082,515,86,14
India,4/5/2020,3588,506,99,13
India,4/6/2020,4778,1190,136,37
India,4/7/2020,5311,533,150,14
India,4/8/2020,5916,605,178,28
India,4/9/2020,6725,809,226,48
India,4/10/2020,7598,873,246,20
India,4/11/2020,8446,848,288,42
India,4/12/2020,9205,759,331,43
India,4/13/2020,10453,1248,358,27
India,4/14/2020,11487,1034,393,35
India,4/15/2020,12322,835,405,12
India,4/16/2020,13430,1108,448,43
India,4/17/2020,14352,922,486,38
India,4/18/2020,15722,1370,521,35
India,4/19/2020,17615,1893,559,38
India,4/20/2020,18539,924,592,33
India,4/21/2020,20080,1541,645,53
India,4/22/2020,21370,1290,681,36
India,4/23/2020,23077,1707,721,40
India,4/24/2020,24530,1453,780,59
India,4/25/2020,26283,1753,825,45
India,4/26/2020,27890,1607,881,56
India,4/27/2020,29451,1561,939,58
India,4/28/2020,31324,1873,1008,69
India,4/29/2020,33062,1738,1079,71
India,4/30/2020,34863,1801,1154,75
India,5/1/2020,37257,2394,1223,69
India,5/2/2020,39699,2442,1323,100
India,5/3/2020,42505,2806,1391,68
India,5/4/2020,46437,3932,1566,175
India,5/5/2020,49400,2963,1693,127
India,5/6/2020,52987,3587,1785,92
India,5/7/2020,56351,3364,1889,104
India,5/8/2020,59695,3344,1985,96
India,5/9/2020,62808,3113,2101,116
India,5/10/2020,67161,4353,2212,111
India,5/11/2020,70768,3607,2294,82
India,5/12/2020,74292,3524,2415,121
India,5/13/2020,78055,3763,2551,136
India,5/14/2020,81997,3942,2649,98
India,5/15/2020,85784,3787,2753,104
India,5/16/2020,90648,4864,2871,118
India,5/17/2020,95698,5050,3025,154
India,5/18/2020,100328,4630,3156,131
India,5/19/2020,106475,6147,3302,146
India,5/20/2020,112028,5553,3434,132
India,5/21/2020,118226,6198,3584,150
India,5/22/2020,124794,6568,3726,142
India,5/23/2020,131423,6629,3868,142
India,5/24/2020,138536,7113,4024,156
India,5/25/2020,144950,6414,4172,148
India,5/26/2020,150793,5843,4344,172
India,5/27/2020,158086,7293,4534,190
India,5/28/2020,165386,7300,4711,177
India,5/29/2020,173491,8105,4980,269
India,5/30/2020,181827,8336,5185,205
India,5/31/2020,190609,8782,5408,223
India,6/1/2020,198370,7761,5608,200
India,6/2/2020,207191,8821,5829,221
India,6/3/2020,216824,9633,6088,259
India,6/4/2020,226713,9889,6363,275
India,6/5/2020,236184,9471,6649,286
India,6/6/2020,246622,10438,6946,297
India,6/7/2020,257486,10864,7207,261
India,6/8/2020,265928,8442,7473,266
India,6/9/2020,276146,10218,7750,277
India,6/10/2020,286605,10459,8102,352
India,6/11/2020,297535,10930,8498,396
India,6/12/2020,308993,11458,8884,386
India,6/13/2020,320922,11929,9195,311
India,6/14/2020,332424,11502,9520,325
India,6/15/2020,343091,10667,9900,380
India,6/16/2020,354065,10974,11903,2003
India,6/17/2020,366946,12881,12237,334
India,6/18/2020,380532,13586,12573,336
India,6/19/2020,395048,14516,12948,375
India,6/20/2020,410451,15403,13254,306
India,6/21/2020,425282,14831,13699,445
India,6/22/2020,440215,14933,14011,312
India,6/23/2020,456183,15968,14476,465
India,6/24/2020,473105,16922,14894,418
India,6/25/2020,490401,17296,15301,407
India,6/26/2020,508953,18552,15685,384
India,6/27/2020,528859,19906,16095,410
India,6/28/2020,548318,19459,16475,380
India,6/29/2020,566840,18522,16893,418
India,6/30/2020,585481,18641,17400,507
India,7/1/2020,604641,19160,17834,434
India,7/2/2020,625544,20903,18213,379
India,7/3/2020,648315,22771,18655,442
India,7/4/2020,673165,24850,19268,613
India,7/5/2020,697413,24248,19693,425
India,7/6/2020,719664,22251,20159,466
India,7/7/2020,742417,22753,20642,483
India,7/8/2020,767296,24879,21129,487
India,7/9/2020,793802,26506,21604,475
India,7/10/2020,820916,27114,22123,519
India,7/11/2020,849522,28606,22673,550
India,7/12/2020,878254,28732,23174,501
India,7/13/2020,906752,28498,23727,553
India,7/14/2020,936181,29429,24309,582
India,7/15/2020,968857,32676,24914,605
India,7/16/2020,1003832,34975,25602,688
India,7/17/2020,1039084,35252,26273,671
India,7/18/2020,1077781,38697,26816,543
India,7/19/2020,1118206,40425,27497,681
India,7/20/2020,1155338,37132,28082,585
India,7/21/2020,1193078,37740,28732,650
India,7/22/2020,1238798,45720,29861,1129
India,7/23/2020,1288108,49310,30601,740
India,7/24/2020,1337024,48916,31358,757
India,7/25/2020,1385635,48611,32060,702
India,7/26/2020,1435616,49981,32771,711
India,7/27/2020,1480073,44457,33408,637
India,7/28/2020,1531669,51596,34193,785
India,7/29/2020,1581963,50294,34955,762
India,7/30/2020,1634746,52783,35718,763
India,7/31/2020,1695988,61242,36511,793
India,8/1/2020,1750723,54735,37364,853
India,8/2/2020,1803695,52972,38135,771
India,8/3/2020,1855745,52050,38938,803
India,8/4/2020,1908254,52509,39795,857
India,8/5/2020,1964536,56282,40699,904
India,8/6/2020,2027074,62538,41585,886
India,8/7/2020,2088611,61537,42518,933
India,8/8/2020,2153010,64399,43379,861
India,8/9/2020,2215074,62064,44386,1007
India,8/10/2020,2268675,53601,45257,871
India,8/11/2020,2329638,60963,46091,834
India,8/12/2020,2396637,66999,47033,942
India,8/13/2020,2461190,64553,48040,1007
India,8/14/2020,2525922,64732,49036,996
India,8/15/2020,2589952,64030,49980,944
India,8/16/2020,2647663,57711,50921,941
India,8/17/2020,2702681,55018,51797,876
India,8/18/2020,2767253,64572,52888,1091
India,8/19/2020,2836925,69672,53866,978
India,8/20/2020,2905825,68900,54849,983
India,8/21/2020,2975701,69876,55794,945
India,8/22/2020,3044940,69239,56706,912
India,8/23/2020,3106348,61408,57542,836
India,8/24/2020,3167323,60975,58390,848
India,8/25/2020,3224547,57224,59357,967
India,8/26/2020,3310234,85687,60472,1115
India,8/27/2020,3387500,77266,61529,1057
India,8/28/2020,3463972,76472,62550,1021
India,8/29/2020,3542733,78761,63498,948
India,8/30/2020,3621245,78512,64469,971
India,8/31/2020,3691166,69921,65288,819
India,9/1/2020,3769523,78357,66333,1045
India,9/2/2020,3853406,83883,67376,1043
India,9/3/2020,3936747,83341,68472,1096
India,9/4/2020,4023179,86432,69561,1089
India,9/5/2020,4113811,90632,70626,1065
India,9/6/2020,4204613,90802,71642,1016
India,9/7/2020,4280422,75809,72775,1133
India,9/8/2020,4370128,89706,73890,1115
India,9/9/2020,4465863,95735,75062,1172
India,9/10/2020,4562414,96551,76271,1209
India,9/11/2020,4659984,97570,77472,1201
India,9/12/2020,4754356,94372,78586,1114
India,9/13/2020,4846427,92071,79722,1136
India,9/14/2020,4930236,83809,80776,1054
India,9/15/2020,5020359,90123,82066,1290
India,9/16/2020,5118253,97894,83198,1132
India,9/17/2020,5214677,96424,84372,1174
India,9/18/2020,5308014,93337,85619,1247
India,9/19/2020,5400619,92605,86752,1133
India,9/20/2020,5487580,86961,87882,1130
India,9/21/2020,5562663,75083,88935,1053
India,9/22/2020,5646010,83347,90020,1085
India,9/23/2020,5732518,86508,91149,1129
India,9/24/2020,5818570,86052,92290,1141
India,9/25/2020,5903932,85362,93379,1089
India,9/26/2020,5992532,88600,94503,1124
India,9/27/2020,6074702,82170,95542,1039
India,9/28/2020,6145291,70589,96318,776
India,9/29/2020,6225763,80472,97497,1179
India,9/30/2020,6312584,86821,98678,1181
India,10/1/2020,6394068,81484,99773,1095
India,10/2/2020,6473544,79476,100842,1069
India,10/3/2020,6549373,75829,101782,940
India,10/4/2020,6623815,74442,102685,903
India,10/5/2020,6685082,61267,103569,884
India,10/6/2020,6757131,72049,104555,986
India,10/7/2020,6835655,78524,105526,971
India,10/8/2020,6906151,70496,106490,964
India,10/9/2020,6979423,73272,107416,926
India,10/10/2020,7053806,74383,108334,918
India,10/11/2020,7120538,66732,109150,816
India,10/12/2020,7175880,55342,109856,706
India,10/13/2020,7239389,63509,110586,730
India,10/14/2020,7307097,67708,111266,680
India,10/15/2020,7370468,63371,112161,895
India,10/16/2020,7432680,62212,112998,837
India,10/17/2020,7494551,61871,114031,1033
India,10/18/2020,7550273,55722,114610,579
India,10/19/2020,7597063,46790,115197,587
India,10/20/2020,7651107,54044,115914,717
India,10/21/2020,7706946,55839,116616,702
India,10/22/2020,7761312,54366,117306,690
India,10/23/2020,7814682,53370,117956,650
India,10/24/2020,7864811,50129,118534,578
India,10/25/2020,7909959,45148,119014,480
India,10/26/2020,7946429,36470,119502,488
India,10/27/2020,7990322,43893,120010,508
India,10/28/2020,8040203,49881,120527,517
India,10/29/2020,8088851,48648,121090,563
India,10/30/2020,8137119,48268,121641,551
India,10/31/2020,8184082,46963,122111,470
India,11/1/2020,8229313,45231,122607,496
India,11/2/2020,8267623,38310,123097,490
India,11/3/2020,8313876,46253,123611,514
India,11/4/2020,8364086,50210,124315,704
India,11/5/2020,8411724,47638,124985,670
India,11/6/2020,8462080,50356,125562,577
India,11/7/2020,8507754,45674,126121,559
India,11/8/2020,8553657,45903,126611,490
India,11/9/2020,8591730,38073,127059,448
India,11/10/2020,8636011,44281,127571,512
India,11/11/2020,8683916,47905,128121,550
India,11/12/2020,8728795,44879,128668,547
India,11/13/2020,8773479,44684,129188,520
India,11/14/2020,8814579,41100,129635,447
India,11/15/2020,8845127,30548,130070,435
India,11/16/2020,8874290,29163,130519,449
India,11/17/2020,8912907,38617,130993,474
India,11/18/2020,8958483,45576,131578,585
India,11/19/2020,9004365,45882,132162,584
India,11/20/2020,9050597,46232,132726,564
India,11/21/2020,9095806,45209,133227,501
India,11/22/2020,9139865,44059,133738,511
India,11/23/2020,9177840,37975,134218,480
India,11/24/2020,9222216,44376,134699,481
India,11/25/2020,9266705,44489,135223,524
India,11/26/2020,9309787,43082,135715,492
India,11/27/2020,9351109,41322,136200,485
India,11/28/2020,9392919,41810,136696,496
India,11/29/2020,9431691,38772,137139,443
India,11/30/2020,9462809,31118,137621,482
India,12/1/2020,9499413,36604,138122,501
India,12/2/2020,9534964,35551,138648,526
India,12/3/2020,9571559,36595,139188,540
India,12/4/2020,9608211,36652,139700,512
India,12/5/2020,9644222,36011,140182,482
India,12/6/2020,9677203,32981,140573,391
India,12/7/2020,9703770,26567,140958,385
India,12/8/2020,9735850,32080,141360,402
India,12/9/2020,9767371,31521,141772,412
India,12/10/2020,9796744,29373,142185,413
India,12/11/2020,9826775,30031,142628,443
India,12/12/2020,9857029,30254,143019,391
India,12/13/2020,9884100,27071,143355,336
India,12/14/2020,9906165,22065,143709,354
India,12/15/2020,9932547,26382,144096,387
India,12/16/2020,9956557,24010,144451,355
India,12/17/2020,9979447,22890,144789,338
India,12/18/2020,10004599,25152,145136,347
India,12/19/2020,10031223,26624,145477,341
India,12/20/2020,10055560,24337,145810,333
India,12/21/2020,10075116,19556,146111,301
India,12/22/2020,10099066,23950,146444,333
India,12/23/2020,10123778,24712,146756,312
India,12/24/2020,10146845,23067,147092,336
India,12/25/2020,10169118,22273,147343,251
India,12/26/2020,10187850,18732,147622,279
India,12/27/2020,10207871,20021,147901,279
India,12/28/2020,10224303,16432,148153,252
India,12/29/2020,10244852,20549,148439,286
India,12/30/2020,10266674,21822,148738,299
India,12/31/2020,10266674,0,148738,0
India,1/1/2021,10286709,20035,148994,256
India,1/2/2021,10323965,37256,149435,441
India,1/3/2021,10340469,16504,149649,214
India,1/4/2021,10356844,16375,149850,201
India,1/5/2021,10374932,18088,150114,264
India,1/6/2021,10395278,20346,150336,222
India,1/7/2021,10413417,18139,150570,234
India,1/8/2021,10413417,0,150570,0
India,1/9/2021,10450284,36867,150999,429
India,1/10/2021,10466595,16311,151160,161
India,1/11/2021,10479179,12584,151327,167
India,1/12/2021,10495147,15968,151529,202
India,1/13/2021,10512093,16946,151727,198
India,1/14/2021,10527683,15590,151918,191
India,1/15/2021,10542841,15158,152093,175
India,1/16/2021,10557985,15144,152274,181
India,1/17/2021,10571773,13788,152419,145
India,1/18/2021,10581823,10050,152556,137
India,1/19/2021,10595639,13816,152718,162
India,1/20/2021,10610883,15244,152869,151
India,1/21/2021,10625428,14545,153032,163
India,1/22/2021,10639684,14256,153184,152
India,1/23/2021,10654533,14849,153339,155
India,1/24/2021,10667736,13203,153470,131
India,1/25/2021,10676838,9102,153587,117
India,1/26/2021,10689527,12689,153724,137
India,1/27/2021,10701193,11666,153847,123
India,1/28/2021,10720048,18855,154010,163
India,1/29/2021,10733130,13082,154147,137
India,1/30/2021,10746174,13044,154274,127
India,1/31/2021,10757610,11436,154392,118
India,2/1/2021,10766245,8635,154486,94
India,2/2/2021,10777284,11039,154596,110
India,2/3/2021,10790183,12899,154703,107
India,2/4/2021,10802591,12408,154823,120
India,2/5/2021,10814304,11713,154918,95
India,2/6/2021,10826363,12059,154996,78
India,2/7/2021,10838194,11831,155080,84
India,2/8/2021,10847304,9110,155158,78
India,2/9/2021,10858371,11067,155252,94
India,2/10/2021,10871294,12923,155360,108
India,2/11/2021,10880603,9309,155447,87
India,2/12/2021,10892746,12143,155550,103
India,2/13/2021,10904940,12194,155642,92
India,2/14/2021,10916589,11649,155732,90
India,2/15/2021,10925710,9121,155813,81
India,2/16/2021,10937320,11610,155913,100
India,2/17/2021,10950201,12881,156014,101
India,2/18/2021,10963394,13193,156111,97
India,2/19/2021,10977387,13993,156212,101
India,2/20/2021,10991651,14264,156302,90
India,2/21/2021,11005850,14199,156385,83
India,2/22/2021,11016434,10584,156463,78
India,2/23/2021,11030176,13742,156567,104
India,2/24/2021,11046914,16738,156705,138
India,2/25/2021,11063491,16577,156825,120
India,2/26/2021,11079979,16488,156938,113
India,2/27/2021,11096731,16752,157051,113
India,2/28/2021,11112241,15510,157157,106
India,3/1/2021,11124527,12286,157248,91
India,3/2/2021,11139516,14989,157346,98
India,3/3/2021,11156923,17407,157435,89
India,3/4/2021,11173761,16838,157548,113
India,3/5/2021,11192045,18284,157656,108
India,3/6/2021,11210799,18754,157756,100
India,3/7/2021,11229398,18599,157853,97
India,3/8/2021,11244786,15388,157930,77
India,3/9/2021,11262707,17921,158063,133
India,3/10/2021,11285561,22854,158189,126
India,3/11/2021,11308846,23285,158306,117
India,3/12/2021,11333728,24882,158446,140
India,3/13/2021,11359048,25320,158607,161
India,3/14/2021,11385339,26291,158725,118
India,3/15/2021,11409831,24492,158856,131
India,3/16/2021,11438734,28903,159044,188
India,3/17/2021,11474605,35871,159216,172
India,3/18/2021,11514331,39726,159370,154
India,3/19/2021,11555284,40953,159558,188
India,3/20/2021,11599130,43846,159755,197
India,3/21/2021,11646081,46951,159967,212
India,3/22/2021,11686796,40715,160166,199
Italy,2/21/2020,20,17,1,1
Italy,2/22/2020,62,42,2,1
Italy,2/23/2020,155,93,3,1
Italy,2/24/2020,229,74,7,4
Italy,2/25/2020,322,93,10,3
Italy,2/26/2020,453,131,12,2
Italy,2/27/2020,655,202,17,5
Italy,2/28/2020,888,233,21,4
Italy,2/29/2020,1128,240,29,8
Italy,3/1/2020,1694,566,34,5
Italy,3/2/2020,2036,342,52,18
Italy,3/3/2020,2502,466,79,27
Italy,3/4/2020,3089,587,107,28
Italy,3/5/2020,3858,769,148,41
Italy,3/6/2020,4636,778,197,49
Italy,3/7/2020,5883,1247,233,36
Italy,3/8/2020,7375,1492,366,133
Italy,3/9/2020,9172,1797,463,97
Italy,3/10/2020,10149,977,631,168
Italy,3/11/2020,12462,2313,827,196
Italy,3/12/2020,15113,2651,1016,189
Italy,3/13/2020,17660,2547,1266,250
Italy,3/14/2020,21157,3497,1441,175
Italy,3/15/2020,24747,3590,1809,368
Italy,3/16/2020,27980,3233,2158,349
Italy,3/17/2020,31506,3526,2503,345
Italy,3/18/2020,35713,4207,2978,475
Italy,3/19/2020,41035,5322,3405,427
Italy,3/20/2020,47021,5986,4032,627
Italy,3/21/2020,53578,6557,4825,793
Italy,3/22/2020,59138,5560,5476,651
Italy,3/23/2020,63927,4789,6077,601
Italy,3/24/2020,69176,5249,6820,743
Italy,3/25/2020,74386,5210,7503,683
Italy,3/26/2020,80589,6203,8215,712
Italy,3/27/2020,86498,5909,9134,919
Italy,3/28/2020,92472,5974,10023,889
Italy,3/29/2020,97689,5217,10779,756
Italy,3/30/2020,101739,4050,11591,812
Italy,3/31/2020,105792,4053,12428,837
Italy,4/1/2020,110574,4782,13155,727
Italy,4/2/2020,115242,4668,13915,760
Italy,4/3/2020,119827,4585,14681,766
Italy,4/4/2020,124632,4805,15362,681
Italy,4/5/2020,128948,4316,15887,525
Italy,4/6/2020,132547,3599,16523,636
Italy,4/7/2020,135586,3039,17127,604
Italy,4/8/2020,139422,3836,17669,542
Italy,4/9/2020,143626,4204,18279,610
Italy,4/10/2020,147577,3951,18849,570
Italy,4/11/2020,152271,4694,19468,619
Italy,4/12/2020,156363,4092,19899,431
Italy,4/13/2020,159516,3153,20465,566
Italy,4/14/2020,162488,2972,21067,602
Italy,4/15/2020,165155,2667,21645,578
Italy,4/16/2020,168941,3786,22170,525
Italy,4/17/2020,172434,3493,22745,575
Italy,4/18/2020,175925,3491,23227,482
Italy,4/19/2020,178972,3047,23660,433
Italy,4/20/2020,181228,2256,24114,454
Italy,4/21/2020,183957,2729,24648,534
Italy,4/22/2020,187327,3370,25085,437
Italy,4/23/2020,189973,2646,25549,464
Italy,4/24/2020,192994,3021,25969,420
Italy,4/25/2020,195351,2357,26384,415
Italy,4/26/2020,197675,2324,26644,260
Italy,4/27/2020,199414,1739,26977,333
Italy,4/28/2020,201505,2091,27359,382
Italy,4/29/2020,203591,2086,27682,323
Italy,4/30/2020,205463,1872,27967,285
Italy,5/1/2020,207428,1965,28236,269
Italy,5/2/2020,209328,1900,28710,474
Italy,5/3/2020,210717,1389,28884,174
Italy,5/4/2020,211938,1221,29079,195
Italy,5/5/2020,213013,1075,29315,236
Italy,5/6/2020,214457,1444,29684,369
Italy,5/7/2020,215858,1401,29958,274
Italy,5/8/2020,217185,1327,30201,243
Italy,5/9/2020,218268,1083,30395,194
Italy,5/10/2020,219070,802,30560,165
Italy,5/11/2020,219814,744,30739,179
Italy,5/12/2020,221216,1402,30911,172
Italy,5/13/2020,222104,888,31106,195
Italy,5/14/2020,223096,992,31368,262
Italy,5/15/2020,223885,789,31610,242
Italy,5/16/2020,224760,875,31763,153
Italy,5/17/2020,225435,675,31908,145
Italy,5/18/2020,225886,451,32007,99
Italy,5/19/2020,226699,813,32169,162
Italy,5/20/2020,227364,665,32330,161
Italy,5/21/2020,228006,642,32486,156
Italy,5/22/2020,228658,652,32616,130
Italy,5/23/2020,229327,669,32735,119
Italy,5/24/2020,229858,531,32785,50
Italy,5/25/2020,230158,300,32877,92
Italy,5/26/2020,230555,397,32955,78
Italy,5/27/2020,231139,584,33072,117
Italy,5/28/2020,231732,593,33142,70
Italy,5/29/2020,232248,516,33229,87
Italy,5/30/2020,232664,416,33340,111
Italy,5/31/2020,232997,333,33415,75
Italy,6/1/2020,233197,200,33475,60
Italy,6/2/2020,233515,318,33530,55
Italy,6/3/2020,233836,321,33601,71
Italy,6/4/2020,234013,177,33689,88
Italy,6/5/2020,234531,518,33774,85
Italy,6/6/2020,234801,270,33846,72
Italy,6/7/2020,234998,197,33899,53
Italy,6/8/2020,235278,280,33964,65
Italy,6/9/2020,235561,283,34043,79
Italy,6/10/2020,235763,202,34114,71
Italy,6/11/2020,236142,379,34167,53
Italy,6/12/2020,236305,163,34223,56
Italy,6/13/2020,236651,346,34301,78
Italy,6/14/2020,236989,338,34345,44
Italy,6/15/2020,237290,301,34371,26
Italy,6/16/2020,237500,210,34405,34
Italy,6/17/2020,237828,328,34448,43
Italy,6/18/2020,238159,331,34514,66
Italy,6/19/2020,238011,-148,34561,47
Italy,6/20/2020,238275,264,34610,49
Italy,6/21/2020,238499,224,34634,24
Italy,6/22/2020,238720,221,34657,23
Italy,6/23/2020,238833,113,34675,18
Italy,6/24/2020,239410,577,34644,-31
Italy,6/25/2020,239706,296,34678,34
Italy,6/26/2020,239961,255,34708,30
Italy,6/27/2020,240136,175,34716,8
Italy,6/28/2020,240310,174,34738,22
Italy,6/29/2020,240436,126,34744,6
Italy,6/30/2020,240578,142,34767,23
Italy,7/1/2020,240760,182,34788,21
Italy,7/2/2020,240961,201,34818,30
Italy,7/3/2020,241184,223,34833,15
Italy,7/4/2020,241419,235,34854,21
Italy,7/5/2020,241611,192,34861,7
Italy,7/6/2020,241819,208,34869,8
Italy,7/7/2020,241956,137,34899,30
Italy,7/8/2020,242149,193,34914,15
Italy,7/9/2020,242363,214,34926,12
Italy,7/10/2020,242639,276,34938,12
Italy,7/11/2020,242827,188,34945,7
Italy,7/12/2020,243061,234,34954,9
Italy,7/13/2020,243230,169,34967,13
Italy,7/14/2020,243344,114,34984,17
Italy,7/15/2020,243506,162,34997,13
Italy,7/16/2020,243736,230,35017,20
Italy,7/17/2020,243967,231,35028,11
Italy,7/18/2020,244216,249,35042,14
Italy,7/19/2020,244434,218,35045,3
Italy,7/20/2020,244624,190,35058,13
Italy,7/21/2020,244752,128,35073,15
Italy,7/22/2020,245032,280,35082,9
Italy,7/23/2020,245338,306,35092,10
Italy,7/24/2020,245590,252,35097,5
Italy,7/25/2020,245864,274,35102,5
Italy,7/26/2020,246118,254,35107,5
Italy,7/27/2020,246286,168,35112,5
Italy,7/28/2020,246488,202,35123,11
Italy,7/29/2020,246776,288,35129,6
Italy,7/30/2020,247158,382,35132,3
Italy,7/31/2020,247537,379,35141,9
Italy,8/1/2020,247832,295,35146,5
Italy,8/2/2020,248070,238,35154,8
Italy,8/3/2020,248229,159,35166,12
Italy,8/4/2020,248419,190,35171,5
Italy,8/5/2020,248803,384,35181,10
Italy,8/6/2020,249204,401,35187,6
Italy,8/7/2020,249756,552,35190,3
Italy,8/8/2020,250103,347,35203,13
Italy,8/9/2020,250566,463,35205,2
Italy,8/10/2020,250825,259,35209,4
Italy,8/11/2020,251237,412,35215,6
Italy,8/12/2020,251713,476,35225,10
Italy,8/13/2020,252235,522,35231,6
Italy,8/14/2020,252809,574,35234,3
Italy,8/15/2020,253438,629,35392,158
Italy,8/16/2020,253915,477,35396,4
Italy,8/17/2020,254235,320,35400,4
Italy,8/18/2020,254636,401,35405,5
Italy,8/19/2020,255278,642,35412,7
Italy,8/20/2020,256118,840,35418,6
Italy,8/21/2020,257065,947,35427,9
Italy,8/22/2020,258136,1071,35430,3
Italy,8/23/2020,259345,1209,35437,7
Italy,8/24/2020,260298,953,35441,4
Italy,8/25/2020,261174,876,35445,4
Italy,8/26/2020,262540,1366,35458,13
Italy,8/27/2020,263949,1409,35463,5
Italy,8/28/2020,265409,1460,35472,9
Italy,8/29/2020,266853,1444,35473,1
Italy,8/30/2020,268218,1365,35477,4
Italy,8/31/2020,269214,996,35483,6
Italy,9/1/2020,270189,975,35491,8
Italy,9/2/2020,271515,1326,35497,6
Italy,9/3/2020,272912,1397,35507,10
Italy,9/4/2020,274644,1732,35518,11
Italy,9/5/2020,276338,1694,35534,16
Italy,9/6/2020,277634,1296,35541,7
Italy,9/7/2020,278784,1150,35553,12
Italy,9/8/2020,280153,1369,35563,10
Italy,9/9/2020,281583,1430,35577,14
Italy,9/10/2020,283180,1597,35587,10
Italy,9/11/2020,284796,1616,35597,10
Italy,9/12/2020,286297,1501,35603,6
Italy,9/13/2020,287753,1456,35610,7
Italy,9/14/2020,288761,1008,35624,14
Italy,9/15/2020,289990,1229,35633,9
Italy,9/16/2020,291442,1452,35645,12
Italy,9/17/2020,293025,1583,35658,13
Italy,9/18/2020,294932,1907,35668,10
Italy,9/19/2020,296569,1637,35692,24
Italy,9/20/2020,298156,1587,35707,15
Italy,9/21/2020,299506,1350,35724,17
Italy,9/22/2020,300897,1391,35738,14
Italy,9/23/2020,302537,1640,35758,20
Italy,9/24/2020,304323,1786,35781,23
Italy,9/25/2020,306235,1912,35801,20
Italy,9/26/2020,308104,1869,35818,17
Italy,9/27/2020,309870,1766,35835,17
Italy,9/28/2020,311364,1494,35851,16
Italy,9/29/2020,313011,1647,35875,24
Italy,9/30/2020,314861,1850,35894,19
Italy,10/1/2020,317409,2548,35918,24
Italy,10/2/2020,319908,2499,35941,23
Italy,10/3/2020,322751,2843,35968,27
Italy,10/4/2020,325329,2578,35986,18
Italy,10/5/2020,327586,2257,36002,16
Italy,10/6/2020,330263,2677,36030,28
Italy,10/7/2020,333940,3677,36061,31
Italy,10/8/2020,338398,4458,36083,22
Italy,10/9/2020,343770,5372,36111,28
Italy,10/10/2020,349494,5724,36140,29
Italy,10/11/2020,354950,5456,36166,26
Italy,10/12/2020,359569,4619,36205,39
Italy,10/13/2020,365467,5898,36246,41
Italy,10/14/2020,372799,7332,36289,43
Italy,10/15/2020,381602,8803,36372,83
Italy,10/16/2020,391611,10009,36427,55
Italy,10/17/2020,402536,10925,36474,47
Italy,10/18/2020,414241,11705,36543,69
Italy,10/19/2020,423578,9337,36616,73
Italy,10/20/2020,434449,10871,36705,89
Italy,10/21/2020,449648,15199,36832,127
Italy,10/22/2020,465726,16078,36968,136
Italy,10/23/2020,484869,19143,37059,91
Italy,10/24/2020,504509,19640,37210,151
Italy,10/25/2020,525782,21273,37338,128
Italy,10/26/2020,542789,17007,37479,141
Italy,10/27/2020,564778,21989,37700,221
Italy,10/28/2020,589766,24988,37905,205
Italy,10/29/2020,616595,26829,38122,217
Italy,10/30/2020,647674,31079,38321,199
Italy,10/31/2020,679430,31756,38618,297
Italy,11/1/2020,709335,29905,38826,208
Italy,11/2/2020,731588,22253,39059,233
Italy,11/3/2020,759829,28241,39412,353
Italy,11/4/2020,790377,30548,39764,352
Italy,11/5/2020,824879,34502,40192,428
Italy,11/6/2020,862681,37802,40638,446
Italy,11/7/2020,902490,39809,41063,425
Italy,11/8/2020,935104,32614,41394,331
Italy,11/9/2020,960373,25269,41750,356
Italy,11/10/2020,995463,35090,42330,580
Italy,11/11/2020,1028424,32961,42953,623
Italy,11/12/2020,1066401,37977,43589,636
Italy,11/13/2020,1107303,40902,44139,550
Italy,11/14/2020,1144552,37249,44683,544
Italy,11/15/2020,1178529,33977,45229,546
Italy,11/16/2020,1205881,27352,45733,504
Italy,11/17/2020,1238072,32191,46464,731
Italy,11/18/2020,1272352,34280,47217,753
Italy,11/19/2020,1308528,36176,47870,653
Italy,11/20/2020,1345767,37239,48569,699
Italy,11/21/2020,1380531,34764,49261,692
Italy,11/22/2020,1408868,28337,49823,562
Italy,11/23/2020,1431795,22927,50453,630
Italy,11/24/2020,1455022,23227,51306,853
Italy,11/25/2020,1480874,25852,52028,722
Italy,11/26/2020,1509875,29001,52850,822
Italy,11/27/2020,1538217,28342,53677,827
Italy,11/28/2020,1564532,26315,54363,686
Italy,11/29/2020,1585178,20646,54904,541
Italy,11/30/2020,1601554,16376,55576,672
Italy,12/1/2020,1620901,19347,56361,785
Italy,12/2/2020,1641610,20709,57045,684
Italy,12/3/2020,1664829,23219,58038,993
Italy,12/4/2020,1688939,24110,58852,814
Italy,12/5/2020,1709991,21052,59514,662
Italy,12/6/2020,1728878,18887,60078,564
Italy,12/7/2020,1742557,13679,60606,528
Italy,12/8/2020,1757394,14837,61240,634
Italy,12/9/2020,1770149,12755,61739,499
Italy,12/10/2020,1787147,16998,62626,887
Italy,12/11/2020,1805873,18726,63387,761
Italy,12/12/2020,1825775,19902,64036,649
Italy,12/13/2020,1843712,17937,64520,484
Italy,12/14/2020,1855737,12025,65011,491
Italy,12/15/2020,1870576,14839,65857,846
Italy,12/16/2020,1888144,17568,66537,680
Italy,12/17/2020,1906377,18233,67220,683
Italy,12/18/2020,1921778,15401,67894,674
Italy,12/19/2020,1938083,16305,68447,553
Italy,12/20/2020,1953185,15102,68799,352
Italy,12/21/2020,1964054,10869,69214,415
Italy,12/22/2020,1977370,13316,69842,628
Italy,12/23/2020,1991278,13908,70395,553
Italy,12/24/2020,2009317,18039,70900,505
Italy,12/25/2020,2028354,19037,71359,459
Italy,12/26/2020,2038759,10405,71620,261
Italy,12/27/2020,2047696,8937,71925,305
Italy,12/28/2020,2056277,8581,72370,445
Italy,12/29/2020,2067487,11210,73029,659
Italy,12/30/2020,2083689,16202,73604,575
Italy,12/31/2020,2107166,23477,74159,555
Italy,1/1/2021,2129376,22210,74621,462
Italy,1/2/2021,2141201,11825,74985,364
Italy,1/3/2021,2155446,14245,75332,347
Italy,1/4/2021,2166244,10798,75680,348
Italy,1/5/2021,2181619,15375,76329,649
Italy,1/6/2021,2201945,20326,76877,548
Italy,1/7/2021,2220361,18416,77291,414
Italy,1/8/2021,2237890,17529,77911,620
Italy,1/9/2021,2257866,19976,78394,483
Italy,1/10/2021,2276491,18625,78755,361
Italy,1/11/2021,2289021,12530,79203,448
Italy,1/12/2021,2303263,14242,79819,616
Italy,1/13/2021,2319036,15773,80326,507
Italy,1/14/2021,2336279,17243,80848,522
Italy,1/15/2021,2352423,16144,81325,477
Italy,1/16/2021,2368733,16310,81800,475
Italy,1/17/2021,2381277,12544,82177,377
Italy,1/18/2021,2390102,8825,82554,377
Italy,1/19/2021,2400598,10496,83157,603
Italy,1/20/2021,2414166,13568,83681,524
Italy,1/21/2021,2428221,14055,84202,521
Italy,1/22/2021,2441854,13633,84674,472
Italy,1/23/2021,2455185,13331,85162,488
Italy,1/24/2021,2466813,11628,85461,299
Italy,1/25/2021,2475372,8559,85881,420
Italy,1/26/2021,2485956,10584,86422,541
Italy,1/27/2021,2501147,15191,86889,467
Italy,1/28/2021,2515507,14360,87381,492
Italy,1/29/2021,2529070,13563,87858,477
Italy,1/30/2021,2541783,12713,88279,421
Italy,1/31/2021,2553032,11249,88516,237
Italy,2/1/2021,2560957,7925,88845,329
Italy,2/2/2021,2570608,9651,89344,499
Italy,2/3/2021,2583790,13182,89820,476
Italy,2/4/2021,2597446,13656,90241,421
Italy,2/5/2021,2611659,14213,90618,377
Italy,2/6/2021,2625098,13439,91003,385
Italy,2/7/2021,2636738,11640,91273,270
Italy,2/8/2021,2644707,7969,91580,307
Italy,2/9/2021,2655319,10612,92002,422
Italy,2/10/2021,2668266,12947,92338,336
Italy,2/11/2021,2683403,15137,92729,391
Italy,2/12/2021,2697296,13893,93045,316
Italy,2/13/2021,2710819,13523,93356,311
Italy,2/14/2021,2721879,11060,93577,221
Italy,2/15/2021,2729223,7344,93835,258
Italy,2/16/2021,2739591,10368,94171,336
Italy,2/17/2021,2751657,12066,94540,369
Italy,2/18/2021,2765412,13755,94887,347
Italy,2/19/2021,2780882,15470,95235,348
Italy,2/20/2021,2795796,14914,95486,251
Italy,2/21/2021,2809246,13450,95718,232
Italy,2/22/2021,2818863,9617,95992,274
Italy,2/23/2021,2832162,13299,96348,356
Italy,2/24/2021,2848564,16402,96666,318
Italy,2/25/2021,2868435,19871,96974,308
Italy,2/26/2021,2888923,20488,97227,253
Italy,2/27/2021,2907825,18902,97507,280
Italy,2/28/2021,2925265,17440,97699,192
Italy,3/1/2021,2938371,13106,97945,246
Italy,3/2/2021,2955434,17063,98288,343
Italy,3/3/2021,2976274,20840,98635,347
Italy,3/4/2021,2999119,22845,98974,339
Italy,3/5/2021,3023129,24010,99271,297
Italy,3/6/2021,3046762,23633,99578,307
Italy,3/7/2021,3067486,20724,99785,207
Italy,3/8/2021,3081368,13882,100103,318
Italy,3/9/2021,3101093,19725,100479,376
Italy,3/10/2021,3123368,22275,100811,332
Italy,3/11/2021,3149017,25649,101184,373
Italy,3/12/2021,3175807,26790,101564,380
Italy,3/13/2021,3201838,26031,101881,317
Italy,3/14/2021,3223142,21304,102145,264
Italy,3/15/2021,3238394,15252,102499,354
Italy,3/16/2021,3258770,20376,103001,502
Italy,3/17/2021,3281810,23040,103432,431
Italy,3/18/2021,3306711,24901,103855,423
Italy,3/19/2021,3332418,25707,104241,386
Italy,3/20/2021,3356331,23913,104642,401
Italy,3/21/2021,3376376,20045,104942,300
Italy,3/22/2021,3390181,13805,105328,386
Spain,3/3/2020,165,45,1,1
Spain,3/4/2020,222,57,2,1
Spain,3/5/2020,259,37,3,1
Spain,3/6/2020,400,141,5,2
Spain,3/7/2020,500,100,10,5
Spain,3/8/2020,673,173,17,7
Spain,3/9/2020,1073,400,28,11
Spain,3/10/2020,1695,622,35,7
Spain,3/11/2020,2277,582,54,19
Spain,3/12/2020,2277,0,55,1
Spain,3/13/2020,5232,2955,133,78
Spain,3/14/2020,6391,1159,195,62
Spain,3/15/2020,7798,1407,289,94
Spain,3/16/2020,9942,2144,342,53
Spain,3/17/2020,11748,1806,533,191
Spain,3/18/2020,13910,2162,623,90
Spain,3/19/2020,17963,4053,830,207
Spain,3/20/2020,20410,2447,1043,213
Spain,3/21/2020,25374,4964,1375,332
Spain,3/22/2020,28768,3394,1772,397
Spain,3/23/2020,35136,6368,2311,539
Spain,3/24/2020,39885,4749,2808,497
Spain,3/25/2020,49515,9630,3647,839
Spain,3/26/2020,57786,8271,4365,718
Spain,3/27/2020,65719,7933,5138,773
Spain,3/28/2020,73235,7516,5982,844
Spain,3/29/2020,80110,6875,6803,821
Spain,3/30/2020,87956,7846,7716,913
Spain,3/31/2020,95923,7967,8464,748
Spain,4/1/2020,104118,8195,9387,923
Spain,4/2/2020,112065,7947,10348,961
Spain,4/3/2020,119199,7134,11198,850
Spain,4/4/2020,126168,6969,11947,749
Spain,4/5/2020,131646,5478,12641,694
Spain,4/6/2020,136675,5029,13341,700
Spain,4/7/2020,141942,5267,14045,704
Spain,4/8/2020,148220,6278,14792,747
Spain,4/9/2020,153222,5002,15447,655
Spain,4/10/2020,158273,5051,16081,634
Spain,4/11/2020,163027,4754,16606,525
Spain,4/12/2020,166831,3804,17209,603
Spain,4/13/2020,170099,3268,17756,547
Spain,4/14/2020,172541,2442,18056,300
Spain,4/15/2020,177644,5103,18708,652
Spain,4/16/2020,184948,7304,19315,607
Spain,4/17/2020,190839,5891,20002,687
Spain,4/18/2020,191726,887,20043,41
Spain,4/19/2020,198674,6948,20453,410
Spain,4/20/2020,200210,1536,20852,399
Spain,4/21/2020,204178,3968,21282,430
Spain,4/22/2020,208389,4211,21717,435
Spain,4/23/2020,213024,4635,22157,440
Spain,4/24/2020,202990,-10034,22524,367
Spain,4/25/2020,205905,2915,22902,378
Spain,4/26/2020,207634,1729,23190,288
Spain,4/27/2020,209465,1831,23521,331
Spain,4/28/2020,210773,1308,23822,301
Spain,4/29/2020,212917,2144,24275,453
Spain,4/30/2020,213435,518,24543,268
Spain,5/1/2020,215216,1781,24543,0
Spain,5/2/2020,216582,1366,25100,557
Spain,5/3/2020,217466,884,25264,164
Spain,5/4/2020,218011,545,25428,164
Spain,5/5/2020,219329,1318,25613,185
Spain,5/6/2020,220325,996,25857,244
Spain,5/7/2020,221447,1122,26070,213
Spain,5/8/2020,222857,1410,26299,229
Spain,5/9/2020,223578,721,26478,179
Spain,5/10/2020,224350,772,26621,143
Spain,5/11/2020,227436,3086,26744,123
Spain,5/12/2020,228030,594,26920,176
Spain,5/13/2020,228691,661,27104,184
Spain,5/14/2020,229540,849,27321,217
Spain,5/15/2020,230183,643,27459,138
Spain,5/16/2020,230698,515,27563,104
Spain,5/17/2020,230698,0,27563,0
Spain,5/18/2020,231606,908,27709,146
Spain,5/19/2020,232037,431,27778,69
Spain,5/20/2020,232555,518,27888,110
Spain,5/21/2020,233037,482,27940,52
Spain,5/22/2020,234824,1787,28628,688
Spain,5/23/2020,235290,466,28678,50
Spain,5/24/2020,235772,482,28752,74
Spain,5/25/2020,235400,-372,26834,-1918
Spain,5/26/2020,236259,859,27117,283
Spain,5/27/2020,236259,0,27117,0
Spain,5/28/2020,237906,1647,27119,2
Spain,5/29/2020,238564,658,27121,2
Spain,5/30/2020,239228,664,27125,4
Spain,5/31/2020,239479,251,27127,2
Spain,6/1/2020,239638,159,27127,0
Spain,6/2/2020,239932,294,27127,0
Spain,6/3/2020,240326,394,27128,1
Spain,6/4/2020,240660,334,27133,5
Spain,6/5/2020,240978,318,27134,1
Spain,6/6/2020,241310,332,27135,1
Spain,6/7/2020,241550,240,27136,1
Spain,6/8/2020,241717,167,27136,0
Spain,6/9/2020,241966,249,27136,0
Spain,6/10/2020,242280,314,27136,0
Spain,6/11/2020,242707,427,27136,0
Spain,6/12/2020,243209,502,27136,0
Spain,6/13/2020,243605,396,27136,0
Spain,6/14/2020,243928,323,27136,0
Spain,6/15/2020,244109,181,27136,0
Spain,6/16/2020,244328,219,27136,0
Spain,6/17/2020,244683,355,27136,0
Spain,6/18/2020,245268,585,27136,0
Spain,6/19/2020,245575,307,28315,1179
Spain,6/20/2020,245938,363,28322,7
Spain,6/21/2020,246272,334,28323,1
Spain,6/22/2020,246504,232,28324,1
Spain,6/23/2020,246752,248,28325,1
Spain,6/24/2020,247086,334,28327,2
Spain,6/25/2020,247486,400,28330,3
Spain,6/26/2020,247905,419,28338,8
Spain,6/27/2020,248469,564,28341,3
Spain,6/28/2020,248770,301,28343,2
Spain,6/29/2020,248970,200,28346,3
Spain,6/30/2020,249271,301,28355,9
Spain,7/1/2020,249659,388,28364,9
Spain,7/2/2020,250103,444,28368,4
Spain,7/3/2020,250545,442,28385,17
Spain,7/4/2020,250545,0,28385,0
Spain,7/5/2020,250545,0,28385,0
Spain,7/6/2020,251789,1244,28388,3
Spain,7/7/2020,252130,341,28392,4
Spain,7/8/2020,252513,383,28396,4
Spain,7/9/2020,253056,543,28401,5
Spain,7/10/2020,253908,852,28403,2
Spain,7/11/2020,253908,0,28403,0
Spain,7/12/2020,253908,0,28403,0
Spain,7/13/2020,255953,2045,28406,3
Spain,7/14/2020,256619,666,28409,3
Spain,7/15/2020,257494,875,28413,4
Spain,7/16/2020,258855,1361,28416,3
Spain,7/17/2020,260255,1400,28420,4
Spain,7/18/2020,260255,0,28420,0
Spain,7/19/2020,260255,0,28420,0
Spain,7/20/2020,264836,4581,28422,2
Spain,7/21/2020,266194,1358,28424,2
Spain,7/22/2020,267551,1357,28426,2
Spain,7/23/2020,270166,2615,28429,3
Spain,7/24/2020,272421,2255,28432,3
Spain,7/25/2020,272421,0,28432,0
Spain,7/26/2020,272421,0,28432,0
Spain,7/27/2020,278782,6361,28434,2
Spain,7/28/2020,280610,1828,28436,2
Spain,7/29/2020,282641,2031,28441,5
Spain,7/30/2020,285430,2789,28443,2
Spain,7/31/2020,288522,3092,28445,2
Spain,8/1/2020,288522,0,28445,0
Spain,8/2/2020,288522,0,28445,0
Spain,8/3/2020,297054,8532,28472,27
Spain,8/4/2020,302814,5760,28498,26
Spain,8/5/2020,305767,2953,28499,1
Spain,8/6/2020,309855,4088,28500,1
Spain,8/7/2020,314362,4507,28503,3
Spain,8/8/2020,314362,0,28503,0
Spain,8/9/2020,314362,0,28503,0
Spain,8/10/2020,322980,8618,28576,73
Spain,8/11/2020,326612,3632,28581,5
Spain,8/12/2020,329784,3172,28579,-2
Spain,8/13/2020,337334,7550,28605,26
Spain,8/14/2020,342813,5479,28617,12
Spain,8/15/2020,342813,0,28617,0
Spain,8/16/2020,342813,0,28617,0
Spain,8/17/2020,359082,16269,28646,29
Spain,8/18/2020,364196,5114,28670,24
Spain,8/19/2020,370867,6671,28797,127
Spain,8/20/2020,377906,7039,28813,16
Spain,8/21/2020,386054,8148,28838,25
Spain,8/22/2020,386054,0,28838,0
Spain,8/23/2020,386054,0,28838,0
Spain,8/24/2020,405436,19382,28872,34
Spain,8/25/2020,412553,7117,28924,52
Spain,8/26/2020,419849,7296,28971,47
Spain,8/27/2020,429507,9658,28996,25
Spain,8/28/2020,439286,9779,29011,15
Spain,8/29/2020,439286,0,29011,0
Spain,8/30/2020,439286,0,29011,0
Spain,8/31/2020,462858,23572,29094,83
Spain,9/1/2020,470973,8115,29152,58
Spain,9/2/2020,479554,8581,29194,42
Spain,9/3/2020,488513,8959,29234,40
Spain,9/4/2020,498989,10476,29418,184
Spain,9/5/2020,498989,0,29418,0
Spain,9/6/2020,498989,0,29418,0
Spain,9/7/2020,525549,26560,29516,98
Spain,9/8/2020,534513,8964,29594,78
Spain,9/9/2020,543379,8866,29628,34
Spain,9/10/2020,554143,10764,29699,71
Spain,9/11/2020,566326,12183,29747,48
Spain,9/12/2020,566326,0,29747,0
Spain,9/13/2020,566326,0,29747,0
Spain,9/14/2020,593730,27404,29848,101
Spain,9/15/2020,603167,9437,30004,156
Spain,9/16/2020,614360,11193,30243,239
Spain,9/17/2020,625651,11291,30405,162
Spain,9/18/2020,640040,14389,30495,90
Spain,9/19/2020,640040,0,30495,0
Spain,9/20/2020,640040,0,30495,0
Spain,9/21/2020,671468,31428,30663,168
Spain,9/22/2020,682267,10799,30904,241
Spain,9/23/2020,693556,11289,31034,130
Spain,9/24/2020,704209,10653,31118,84
Spain,9/25/2020,716481,12272,31232,114
Spain,9/26/2020,716481,0,31232,0
Spain,9/27/2020,716481,0,31232,0
Spain,9/28/2020,748266,31785,31411,179
Spain,9/29/2020,748266,0,31411,0
Spain,9/30/2020,769188,20922,31791,380
Spain,10/1/2020,778607,9419,31973,182
Spain,10/2/2020,789932,11325,32086,113
Spain,10/3/2020,789932,0,32086,0
Spain,10/4/2020,789932,0,32086,0
Spain,10/5/2020,813412,23480,32225,139
Spain,10/6/2020,825410,11998,32486,261
Spain,10/7/2020,835901,10491,32562,76
Spain,10/8/2020,848324,12423,32688,126
Spain,10/9/2020,861112,12788,32929,241
Spain,10/10/2020,861112,0,32929,0
Spain,10/11/2020,861112,0,32929,0
Spain,10/12/2020,888968,27856,33124,195
Spain,10/13/2020,896086,7118,33204,80
Spain,10/14/2020,908056,11970,33413,209
Spain,10/15/2020,921374,13318,33553,140
Spain,10/16/2020,936560,15186,33775,222
Spain,10/17/2020,936560,0,33775,0
Spain,10/18/2020,936560,0,33775,0
Spain,10/19/2020,974449,37889,33992,217
Spain,10/20/2020,988322,13873,34210,218
Spain,10/21/2020,1005295,16973,34366,156
Spain,10/22/2020,1026281,20986,34521,155
Spain,10/23/2020,1046132,19851,34752,231
Spain,10/24/2020,1046132,0,34752,0
Spain,10/25/2020,1046132,0,34752,0
Spain,10/26/2020,1098320,52188,35031,279
Spain,10/27/2020,1116738,18418,35298,267
Spain,10/28/2020,1136503,19765,35466,168
Spain,10/29/2020,1160083,23580,35639,173
Spain,10/30/2020,1185678,25595,35878,239
Spain,10/31/2020,1185678,0,35878,0
Spain,11/1/2020,1185678,0,35878,0
Spain,11/2/2020,1240697,55019,36257,379
Spain,11/3/2020,1259366,18669,36495,238
Spain,11/4/2020,1284408,25042,38118,1623
Spain,11/5/2020,1306316,21908,38486,368
Spain,11/6/2020,1328832,22516,38833,347
Spain,11/7/2020,1328832,0,38833,0
Spain,11/8/2020,1328832,0,38833,0
Spain,11/9/2020,1381218,52386,39345,512
Spain,11/10/2020,1381218,0,39345,0
Spain,11/11/2020,1417709,36491,40105,760
Spain,11/12/2020,1437220,19511,40461,356
Spain,11/13/2020,1458591,21371,40769,308
Spain,11/14/2020,1458591,0,40769,0
Spain,11/15/2020,1458591,0,40769,0
Spain,11/16/2020,1496864,38273,41253,484
Spain,11/17/2020,1510023,13159,41688,435
Spain,11/18/2020,1525341,15318,42039,351
Spain,11/19/2020,1541574,16233,42291,252
Spain,11/20/2020,1556730,15156,42619,328
Spain,11/21/2020,1556730,0,42619,0
Spain,11/22/2020,1556730,0,42619,0
Spain,11/23/2020,1582616,25886,43131,512
Spain,11/24/2020,1594844,12228,43668,537
Spain,11/25/2020,1605066,10222,44037,369
Spain,11/26/2020,1617355,12289,44374,337
Spain,11/27/2020,1628208,10853,44668,294
Spain,11/28/2020,1628208,0,44668,0
Spain,11/29/2020,1628208,0,44668,0
Spain,11/30/2020,1648187,19979,45069,401
Spain,12/1/2020,1656444,8257,45511,442
Spain,12/2/2020,1665775,9331,45784,273
Spain,12/3/2020,1675902,10127,46038,254
Spain,12/4/2020,1684647,8745,46252,214
Spain,12/5/2020,1684647,0,46252,0
Spain,12/6/2020,1684647,0,46252,0
Spain,12/7/2020,1702328,17681,46646,394
Spain,12/8/2020,1702328,0,46646,0
Spain,12/9/2020,1712101,9773,47019,373
Spain,12/10/2020,1720056,7955,47344,325
Spain,12/11/2020,1730575,10519,47624,280
Spain,12/12/2020,1730575,0,47624,0
Spain,12/13/2020,1730575,0,47624,0
Spain,12/14/2020,1751884,21309,48013,389
Spain,12/15/2020,1762212,10328,48401,388
Spain,12/16/2020,1773290,11078,48596,195
Spain,12/17/2020,1785421,12131,48777,181
Spain,12/18/2020,1797236,11815,48926,149
Spain,12/19/2020,1797236,0,48926,0
Spain,12/20/2020,1797236,0,48926,0
Spain,12/21/2020,1819249,22013,49260,334
Spain,12/22/2020,1829903,10654,49520,260
Spain,12/23/2020,1842289,12386,49698,178
Spain,12/24/2020,1854951,12662,49824,126
Spain,12/25/2020,1854951,0,49824,0
Spain,12/26/2020,1854951,0,49824,0
Spain,12/27/2020,1854951,0,49824,0
Spain,12/28/2020,1879413,24462,50122,298
Spain,12/29/2020,1893502,14089,50442,320
Spain,12/30/2020,1910218,16716,50689,247
Spain,12/31/2020,1928265,18047,50837,148
Spain,1/1/2021,1928265,0,50837,0
Spain,1/2/2021,1928265,0,50837,0
Spain,1/3/2021,1928265,0,50837,0
Spain,1/4/2021,1958844,30579,51078,241
Spain,1/5/2021,1982544,23700,51430,352
Spain,1/6/2021,1982544,0,51430,0
Spain,1/7/2021,2024904,42360,51675,245
Spain,1/8/2021,2050360,25456,51874,199
Spain,1/9/2021,2050360,0,51874,0
Spain,1/10/2021,2050360,0,51874,0
Spain,1/11/2021,2111782,61422,52275,401
Spain,1/12/2021,2137220,25438,52683,408
Spain,1/13/2021,2176089,38869,52878,195
Spain,1/14/2021,2211967,35878,53079,201
Spain,1/15/2021,2252164,40197,53314,235
Spain,1/16/2021,2252164,0,53314,0
Spain,1/17/2021,2252164,0,53314,0
Spain,1/18/2021,2336451,84287,53769,455
Spain,1/19/2021,2370742,34291,54173,404
Spain,1/20/2021,2412318,41576,54637,464
Spain,1/21/2021,2456675,44357,55041,404
Spain,1/22/2021,2499560,42885,55441,400
Spain,1/23/2021,2499560,0,55441,0
Spain,1/24/2021,2499560,0,55441,0
Spain,1/25/2021,2593382,93822,56208,767
Spain,1/26/2021,2629817,36435,56794,586
Spain,1/27/2021,2670102,40285,57291,497
Spain,1/28/2021,2705001,34899,57806,515
Spain,1/29/2021,2743119,38118,58319,513
Spain,1/30/2021,2743119,0,58319,0
Spain,1/31/2021,2743119,0,58319,0
Spain,2/1/2021,2822805,79686,59081,762
Spain,2/2/2021,2851869,29064,59805,724
Spain,2/3/2021,2883465,31596,60370,565
Spain,2/4/2021,2913425,29960,60802,432
Spain,2/5/2021,2941990,28565,61386,584
Spain,2/6/2021,2941990,0,61386,0
Spain,2/7/2021,2941990,0,61386,0
Spain,2/8/2021,2989085,47095,62295,909
Spain,2/9/2021,3005487,16402,63061,766
Spain,2/10/2021,3023601,18114,63704,643
Spain,2/11/2021,3041454,17853,64217,513
Spain,2/12/2021,3056035,14581,64747,530
Spain,2/13/2021,3056035,0,64747,0
Spain,2/14/2021,3056035,0,64747,0
Spain,2/15/2021,3086286,30251,65449,702
Spain,2/16/2021,3096343,10057,65979,530
Spain,2/17/2021,3107172,10829,66316,337
Spain,2/18/2021,3121687,14515,66704,388
Spain,2/19/2021,3133122,11435,67101,397
Spain,2/20/2021,3133122,0,67101,0
Spain,2/21/2021,3133122,0,67101,0
Spain,2/22/2021,3153971,20849,67636,535
Spain,2/23/2021,3161432,7461,68079,443
Spain,2/24/2021,3170644,9212,68468,389
Spain,2/25/2021,3180212,9568,68813,345
Spain,2/26/2021,3188553,8341,69142,329
Spain,2/27/2021,3188553,0,69142,0
Spain,2/28/2021,3188553,0,69142,0
Spain,3/1/2021,3204531,15978,69609,467
Spain,3/2/2021,3130184,-74347,69801,192
Spain,3/3/2021,3136321,6137,70247,446
Spain,3/4/2021,3142358,6037,70501,254
Spain,3/5/2021,3149012,6654,71138,637
Spain,3/6/2021,3149012,0,71138,0
Spain,3/7/2021,3149012,0,71138,0
Spain,3/8/2021,3160970,11958,71436,298
Spain,3/9/2021,3164982,4012,71727,291
Spain,3/10/2021,3172101,7119,71961,234
Spain,3/11/2021,3178356,6255,72085,124
Spain,3/12/2021,3183704,5348,72258,173
Spain,3/13/2021,3183704,0,72258,0
Spain,3/14/2021,3183704,0,72258,0
Spain,3/15/2021,3195062,11358,72424,166
Spain,3/16/2021,3200024,4962,72565,141
Spain,3/17/2021,3206116,6092,72793,228
Spain,3/18/2021,3212332,6216,72910,117
Spain,3/19/2021,3212332,0,72910,0
Spain,3/20/2021,3212332,0,72910,0
Spain,3/21/2021,3212332,0,72910,0
Spain,3/22/2021,3228803,16471,73543,633
United States,2/29/2020,25,8,1,1
United States,3/1/2020,32,7,1,0
United States,3/2/2020,55,23,6,5
United States,3/3/2020,74,19,7,1
United States,3/4/2020,107,33,11,4
United States,3/5/2020,184,77,12,1
United States,3/6/2020,237,53,14,2
United States,3/7/2020,403,166,17,3
United States,3/8/2020,519,116,21,4
United States,3/9/2020,594,75,22,1
United States,3/10/2020,782,188,28,6
United States,3/11/2020,1147,365,33,5
United States,3/12/2020,1586,439,43,10
United States,3/13/2020,2219,633,51,8
United States,3/14/2020,2978,759,58,7
United States,3/15/2020,3212,234,70,12
United States,3/16/2020,4679,1467,97,27
United States,3/17/2020,6512,1833,134,37
United States,3/18/2020,9169,2657,194,60
United States,3/19/2020,13663,4494,266,72
United States,3/20/2020,20030,6367,372,106
United States,3/21/2020,26025,5995,475,103
United States,3/22/2020,34898,8873,596,121
United States,3/23/2020,46136,11238,788,192
United States,3/24/2020,56755,10619,1031,243
United States,3/25/2020,68837,12082,1364,333
United States,3/26/2020,86693,17856,1784,420
United States,3/27/2020,105383,18690,2306,522
United States,3/28/2020,125013,19630,2948,642
United States,3/29/2020,143912,18899,3572,624
United States,3/30/2020,165987,22075,4285,713
United States,3/31/2020,192301,26314,5370,1085
United States,4/1/2020,224544,32243,6654,1284
United States,4/2/2020,256779,32235,8166,1512
United States,4/3/2020,289066,32287,9596,1430
United States,4/4/2020,321482,32416,11161,1565
United States,4/5/2020,351359,29877,12774,1613
United States,4/6/2020,382740,31381,14545,1771
United States,4/7/2020,413507,30767,17123,2578
United States,4/8/2020,444699,31192,19278,2155
United States,4/9/2020,480640,35941,21480,2202
United States,4/10/2020,515055,34415,23674,2194
United States,4/11/2020,544185,29130,25802,2128
United States,4/12/2020,571440,27255,27675,1873
United States,4/13/2020,598370,26930,29688,2013
United States,4/14/2020,627151,28781,32122,2434
United States,4/15/2020,652591,25440,34727,2605
United States,4/16/2020,682626,30035,36870,2143
United States,4/17/2020,715656,33030,38979,2109
United States,4/18/2020,743588,27932,40959,1980
United States,4/19/2020,769684,26096,42929,1970
United States,4/20/2020,799512,29828,45161,2232
United States,4/21/2020,825429,25917,47677,2516
United States,4/22/2020,854288,28859,50129,2452
United States,4/23/2020,887858,33570,52590,2461
United States,4/24/2020,920185,32327,54776,2186
United States,4/25/2020,950581,30396,56486,1710
United States,4/26/2020,977082,26501,57885,1399
United States,4/27/2020,1000785,23703,59392,1507
United States,4/28/2020,1025362,24577,61619,2227
United States,4/29/2020,1051800,26438,64033,2414
United States,4/30/2020,1081020,29220,66230,2197
United States,5/1/2020,1115946,34926,68135,1905
United States,5/2/2020,1143296,27350,69867,1732
United States,5/3/2020,1167593,24297,71056,1189
United States,5/4/2020,1191678,24085,72435,1379
United States,5/5/2020,1216209,24531,74681,2246
United States,5/6/2020,1240768,24559,76992,2311
United States,5/7/2020,1268180,27412,78918,1926
United States,5/8/2020,1295019,26839,80679,1761
United States,5/9/2020,1320155,25136,82146,1467
United States,5/10/2020,1339022,18867,83122,976
United States,5/11/2020,1358293,19271,84165,1043
United States,5/12/2020,1381241,22948,85765,1600
United States,5/13/2020,1401649,20408,87503,1738
United States,5/14/2020,1428467,26818,89290,1787
United States,5/15/2020,1453214,24747,90960,1670
United States,5/16/2020,1477373,24159,92159,1199
United States,5/17/2020,1495736,18363,92977,818
United States,5/18/2020,1518126,22390,94204,1227
United States,5/19/2020,1539133,21007,95661,1457
United States,5/20/2020,1561830,22697,97161,1500
United States,5/21/2020,1587596,25766,98349,1188
United States,5/22/2020,1611252,23656,99569,1220
United States,5/23/2020,1632364,21112,100655,1086
United States,5/24/2020,1652431,20067,101292,637
United States,5/25/2020,1671104,18673,101884,592
United States,5/26/2020,1690754,19650,102561,677
United States,5/27/2020,1709303,18549,104023,1462
United States,5/28/2020,1731625,22322,105130,1107
United States,5/29/2020,1756098,24473,106263,1133
United States,5/30/2020,1779731,23633,107217,954
United States,5/31/2020,1798718,18987,107830,613
United States,6/1/2020,1816153,17435,108606,776
United States,6/2/2020,1837656,21503,109587,981
United States,6/3/2020,1857501,19845,110598,1011
United States,6/4/2020,1879150,21649,111609,1011
United States,6/5/2020,1904550,25400,112503,894
United States,6/6/2020,1925710,21160,113146,643
United States,6/7/2020,1943626,17916,113602,456
United States,6/8/2020,1961263,17637,114109,507
United States,6/9/2020,1979647,18384,115022,913
United States,6/10/2020,2000757,21110,115895,873
United States,6/11/2020,2023890,23133,116725,830
United States,6/12/2020,2048756,24866,117554,829
United States,6/13/2020,2073964,25208,118287,733
United States,6/14/2020,2092912,18948,118629,342
United States,6/15/2020,2112731,19819,119024,395
United States,6/16/2020,2136401,23670,119838,814
United States,6/17/2020,2163465,27064,120577,739
United States,6/18/2020,2191990,28525,121267,690
United States,6/19/2020,2223553,31563,121895,628
United States,6/20/2020,2255823,32270,122457,562
United States,6/21/2020,2280971,25148,122771,314
United States,6/22/2020,2313121,32150,123179,408
United States,6/23/2020,2350198,37077,123927,748
United States,6/24/2020,2386072,35874,124675,748
United States,6/25/2020,2426391,40319,125205,530
United States,6/26/2020,2472384,45993,125831,626
United States,6/27/2020,2513730,41346,126333,502
United States,6/28/2020,2554461,40731,126652,319
United States,6/29/2020,2595743,41282,127035,383
United States,6/30/2020,2642174,46431,127592,557
United States,7/1/2020,2693993,51819,128297,705
United States,7/2/2020,2750621,56628,129013,716
United States,7/3/2020,2801981,51360,129680,667
United States,7/4/2020,2847663,45682,129986,306
United States,7/5/2020,2898432,50769,130311,325
United States,7/6/2020,2941516,43084,130687,376
United States,7/7/2020,3002170,60654,131850,1163
United States,7/8/2020,3062290,60120,132691,841
United States,7/9/2020,3124786,62496,133703,1012
United States,7/10/2020,3192841,68055,134509,806
United States,7/11/2020,3252859,60018,135236,727
United States,7/12/2020,3311312,58453,135708,472
United States,7/13/2020,3370206,58894,136152,444
United States,7/14/2020,3438241,68035,137081,929
United States,7/15/2020,3506362,68121,138054,973
United States,7/16/2020,3582181,75819,139009,955
United States,7/17/2020,3654443,72262,139934,925
United States,7/18/2020,3716980,62537,140803,869
United States,7/19/2020,3777454,60474,141269,466
United States,7/20/2020,3839545,62091,141832,563
United States,7/21/2020,3904056,64511,142926,1094
United States,7/22/2020,3974627,70571,144149,1223
United States,7/23/2020,4043069,68442,145235,1086
United States,7/24/2020,4116391,73322,146335,1100
United States,7/25/2020,4181307,64916,147248,913
United States,7/26/2020,4236174,54867,147782,534
United States,7/27/2020,4292931,56757,148902,1120
United States,7/28/2020,4359390,66459,150243,1341
United States,7/29/2020,4431244,71854,151670,1427
United States,7/30/2020,4498699,67455,152896,1226
United States,7/31/2020,4567420,68721,154113,1217
United States,8/1/2020,4623602,56182,155207,1094
United States,8/2/2020,4669150,45548,155637,430
United States,8/3/2020,4714679,45529,156216,579
United States,8/4/2020,4773480,58801,157556,1340
United States,8/5/2020,4827936,54456,158953,1397
United States,8/6/2020,4887294,59358,160191,1238
United States,8/7/2020,4946589,59295,161423,1232
United States,8/8/2020,5000710,54121,162498,1075
United States,8/9/2020,5046461,45751,163058,560
United States,8/10/2020,5094088,47627,163646,588
United States,8/11/2020,5142083,47995,164666,1020
United States,8/12/2020,5198138,56055,166169,1503
United States,8/13/2020,5249452,51314,167231,1062
United States,8/14/2020,5314792,65340,168571,1340
United States,8/15/2020,5361710,46918,169575,1004
United States,8/16/2020,5400905,39195,170184,609
United States,8/17/2020,5437580,36675,170675,491
United States,8/18/2020,5482614,45034,171948,1273
United States,8/19/2020,5529973,47359,173248,1300
United States,8/20/2020,5573816,43843,174341,1093
United States,8/21/2020,5622563,48747,175424,1083
United States,8/22/2020,5665630,43067,176399,975
United States,8/23/2020,5699894,34264,176895,496
United States,8/24/2020,5736548,36654,177369,474
United States,8/25/2020,5776716,40168,178596,1227
United States,8/26/2020,5822075,45359,179780,1184
United States,8/27/2020,5867305,45230,180879,1099
United States,8/28/2020,5914288,46983,181837,958
United States,8/29/2020,5956983,42695,182739,902
United States,8/30/2020,5991383,34400,183204,465
United States,8/31/2020,6026896,35513,183746,542
United States,9/1/2020,6068625,41729,184790,1044
United States,9/2/2020,6109630,41005,185851,1061
United States,9/3/2020,6153822,44192,186883,1032
United States,9/4/2020,6204282,50460,187833,950
United States,9/5/2020,6247283,43001,188615,782
United States,9/6/2020,6278594,31311,189059,444
United States,9/7/2020,6302102,23508,189356,297
United States,9/8/2020,6329571,27469,189811,455
United States,9/9/2020,6363482,33911,190961,1150
United States,9/10/2020,6399655,36173,191862,901
United States,9/11/2020,6447379,47724,193034,1172
United States,9/12/2020,6488505,41126,193757,723
United States,9/13/2020,6522802,34297,194183,426
United States,9/14/2020,6557228,34426,194621,438
United States,9/15/2020,6596784,39556,195823,1202
United States,9/16/2020,6635708,38924,196767,944
United States,9/17/2020,6680933,45225,197633,866
United States,9/18/2020,6730176,49243,198541,908
United States,9/19/2020,6772330,42154,199263,722
United States,9/20/2020,6810734,38404,199531,268
United States,9/21/2020,6862773,52039,199959,428
United States,9/22/2020,6902623,39850,200988,1029
United States,9/23/2020,6941695,39072,202043,1055
United States,9/24/2020,6988798,47103,202950,907
United States,9/25/2020,7037073,48275,203878,928
United States,9/26/2020,7081722,44649,204654,776
United States,9/27/2020,7119266,37544,204970,316
United States,9/28/2020,7152521,33255,205328,358
United States,9/29/2020,7195941,43420,206188,860
United States,9/30/2020,7235372,39431,207124,936
United States,10/1/2020,7281026,45654,207990,866
United States,10/2/2020,7335884,54858,208845,855
United States,10/3/2020,7384479,48595,209526,681
United States,10/4/2020,7420246,35767,209909,383
United States,10/5/2020,7459712,39466,210390,481
United States,10/6/2020,7504912,45200,211079,689
United States,10/7/2020,7555993,51081,211999,920
United States,10/8/2020,7614586,58593,212992,993
United States,10/9/2020,7670944,56358,213959,967
United States,10/10/2020,7725903,54959,214613,654
United States,10/11/2020,7771805,45902,215081,468
United States,10/12/2020,7813678,41873,215476,395
United States,10/13/2020,7865913,52235,216270,794
United States,10/14/2020,7925690,59777,217253,983
United States,10/15/2020,7990550,64860,218112,859
United States,10/16/2020,8059719,69169,219044,932
United States,10/17/2020,8116430,56711,219813,769
United States,10/18/2020,8165781,49351,220303,490
United States,10/19/2020,8233556,67775,220781,478
United States,10/20/2020,8295522,61966,221706,925
United States,10/21/2020,8358779,63257,222856,1150
United States,10/22/2020,8435121,76342,223745,889
United States,10/23/2020,8517002,81881,224705,960
United States,10/24/2020,8599796,82794,225656,951
United States,10/25/2020,8661909,62113,226115,459
United States,10/26/2020,8729331,67422,226648,533
United States,10/27/2020,8806124,76793,227618,970
United States,10/28/2020,8885540,79416,228656,1038
United States,10/29/2020,8976635,91095,229657,1001
United States,10/30/2020,9075765,99130,230725,1068
United States,10/31/2020,9165539,89774,231633,908
United States,11/1/2020,9270463,104924,232127,494
United States,11/2/2020,9355769,85306,232700,573
United States,11/3/2020,9482884,127115,234278,1578
United States,11/4/2020,9587491,104607,235400,1122
United States,11/5/2020,9716845,129354,236549,1149
United States,11/6/2020,9844845,128000,237781,1232
United States,11/7/2020,9972156,127311,238858,1077
United States,11/8/2020,10087372,115216,239429,571
United States,11/9/2020,10207944,120572,240208,779
United States,11/10/2020,10348442,140498,241626,1418
United States,11/11/2020,10495068,146626,243062,1436
United States,11/12/2020,10659901,164833,244265,1203
United States,11/13/2020,10840290,180389,245465,1200
United States,11/14/2020,11008055,167765,246811,1346
United States,11/15/2020,11144276,136221,247585,774
United States,11/16/2020,11307218,162942,248414,829
United States,11/17/2020,11471140,163922,250133,1719
United States,11/18/2020,11644318,173178,252069,1936
United States,11/19/2020,11835861,191543,254109,2040
United States,11/20/2020,12034160,198299,256057,1948
United States,11/21/2020,12213433,179273,257672,1615
United States,11/22/2020,12360211,146778,258704,1032
United States,11/23/2020,12534661,174450,259801,1097
United States,11/24/2020,12710178,175517,261930,2129
United States,11/25/2020,12893465,183287,264189,2259
United States,11/26/2020,13005788,112323,265575,1386
United States,11/27/2020,13213975,208187,267124,1549
United States,11/28/2020,13369505,155530,268482,1358
United States,11/29/2020,13509740,140235,269518,1036
United States,11/30/2020,13670310,160570,270864,1346
United States,12/1/2020,13858527,188217,273409,2545
United States,12/2/2020,14061082,202555,276228,2819
United States,12/3/2020,14284692,223610,279178,2950
United States,12/4/2020,14517477,232785,281855,2677
United States,12/5/2020,14733023,215546,284200,2345
United States,12/6/2020,14914034,181011,285550,1350
United States,12/7/2020,15108895,194861,287163,1613
United States,12/8/2020,15333385,224490,289790,2627
United States,12/9/2020,15555920,222535,292967,3177
United States,12/10/2020,15787436,231516,295959,2992
United States,12/11/2020,16027412,239976,299374,3415
United States,12/12/2020,16244797,217385,301831,2457
United States,12/13/2020,16432601,187804,303457,1626
United States,12/14/2020,16626313,193712,305113,1656
United States,12/15/2020,16836417,210104,308213,3100
United States,12/16/2020,17083061,246644,311932,3719
United States,12/17/2020,17322739,239678,315395,3463
United States,12/18/2020,17574674,251935,318335,2940
United States,12/19/2020,17766568,191894,320986,2651
United States,12/20/2020,17954314,187746,322695,1709
United States,12/21/2020,18153413,199099,324632,1937
United States,12/22/2020,18351480,198067,328024,3392
United States,12/23/2020,18581041,229561,331443,3419
United States,12/24/2020,18775207,194166,334352,2909
United States,12/25/2020,18872822,97615,335752,1400
United States,12/26/2020,19099125,226303,337631,1879
United States,12/27/2020,19254759,155634,339061,1430
United States,12/28/2020,19429410,174651,341063,2002
United States,12/29/2020,19629601,200191,344692,3629
United States,12/30/2020,19863235,233634,348421,3729
United States,12/31/2020,20098800,235565,351866,3445
United States,1/1/2021,20252310,153510,354019,2153
United States,1/2/2021,20552726,300416,356522,2503
United States,1/3/2021,20761467,208741,357963,1441
United States,1/4/2021,20945766,184299,360061,2098
United States,1/5/2021,21180814,235048,363752,3691
United States,1/6/2021,21436203,255389,367681,3929
United States,1/7/2021,21714268,278065,371646,3965
United States,1/8/2021,22007515,293247,375737,4091
United States,1/9/2021,22270172,262657,379070,3333
United States,1/10/2021,22483440,213268,381069,1999
United States,1/11/2021,22698422,214982,383164,2095
United States,1/12/2021,22925376,226954,387641,4477
United States,1/13/2021,23155725,230349,391667,4026
United States,1/14/2021,23391339,235614,395638,3971
United States,1/15/2021,23634087,242748,399534,3896
United States,1/16/2021,23835726,201639,402962,3428
United States,1/17/2021,24013519,177793,404830,1868
United States,1/18/2021,24156910,143391,406344,1514
United States,1/19/2021,24333648,176738,409075,2731
United States,1/20/2021,24516852,183204,413480,4405
United States,1/21/2021,24710602,193750,417661,4181
United States,1/22/2021,24901279,190677,421493,3832
United States,1/23/2021,25071901,170622,424834,3341
United States,1/24/2021,25202932,131031,426729,1895
United States,1/25/2021,25354901,151969,428699,1970
United States,1/26/2021,25502471,147570,432730,4031
United States,1/27/2021,25655710,153239,436683,3953
United States,1/28/2021,25824970,169260,440707,4024
United States,1/29/2021,25991464,166494,444315,3608
United States,1/30/2021,26133786,142322,447084,2769
United States,1/31/2021,26245805,112019,448925,1841
United States,2/1/2021,26380978,135173,450971,2046
United States,2/2/2021,26496311,115333,454445,3474
United States,2/3/2021,26617922,121611,458322,3877
United States,2/4/2021,26741846,123924,462064,3742
United States,2/5/2021,26876208,134362,465685,3621
United States,2/6/2021,26980195,103987,468282,2597
United States,2/7/2021,27069854,89659,469646,1364
United States,2/8/2021,27160197,90343,471251,1605
United States,2/9/2021,27255817,95620,474323,3072
United States,2/10/2021,27350956,95139,477641,3318
United States,2/11/2021,27456653,105697,480816,3175
United States,2/12/2021,27556262,99609,483728,2912
United States,2/13/2021,27643381,87119,485911,2183
United States,2/14/2021,27708401,65020,487035,1124
United States,2/15/2021,27762595,54194,487981,946
United States,2/16/2021,27825319,62724,489708,1727
United States,2/17/2021,27895423,70104,492108,2400
United States,2/18/2021,27964979,69556,494580,2472
United States,2/19/2021,28044574,79595,497226,2646
United States,2/20/2021,28116088,71514,499023,1797
United States,2/21/2021,28173139,57051,500232,1209
United States,2/22/2021,28229362,56223,501527,1295
United States,2/23/2021,28301617,72255,503795,2268
United States,2/24/2021,28376317,74700,506965,3170
United States,2/25/2021,28453812,77495,509328,2363
United States,2/26/2021,28530741,76929,511434,2106
United States,2/27/2021,28595134,64393,512938,1504
United States,2/28/2021,28646373,51239,513992,1054
United States,3/1/2021,28705285,58912,515524,1532
United States,3/2/2021,28762326,57041,517467,1943
United States,3/3/2021,28829520,67194,519957,2490
United States,3/4/2021,28897518,67998,521888,1931
United States,3/5/2021,28963921,66403,523663,1775
United States,3/6/2021,29022116,58195,525162,1499
United States,3/7/2021,29063082,40966,525844,682
United States,3/8/2021,29108096,45014,526574,730
United States,3/9/2021,29165791,57695,528369,1795
United States,3/10/2021,29223730,57939,529926,1557
United States,3/11/2021,29286134,62404,531487,1561
United States,3/12/2021,29347338,61204,533050,1563
United States,3/13/2021,29400553,53215,534780,1730
United States,3/14/2021,29438775,38222,535356,576
United States,3/15/2021,29495424,56649,536098,742
United States,3/16/2021,29549235,53811,537263,1165
United States,3/17/2021,29608206,58971,538436,1173
United States,3/18/2021,29668587,60381,540047,1611
United States,3/19/2021,29730000,61413,541144,1097
United States,3/20/2021,29785285,55285,541927,783
United States,3/21/2021,29818930,33645,542359,432
United States,3/22/2021,29869514,50584,542949,590
